run_id,model,text_cfg,audio_cfg,video_cfg,d_model,num_experts,tfe_dim,afe_dim,vfe_dim,best_epoch,best_dev_f1,test_acc,test_f1,elapsed_sec,text_backbone,audio_backbone,video_backbone,text_cfg_only,audio_cfg_only,video_cfg_only,text_backbone_label,audio_backbone_label,video_backbone_label,model_label
variant1_TFE-A_cfg1_AFE-B_cfg1_VFE-A_cfg1_d1024_e8,variant1,TFE-A_cfg1,AFE-B_cfg1,VFE-A_cfg1,1024,8,768,1024,2048,6,0.5528,0.6077,0.5816,1480.7,TFE-A,AFE-B,VFE-A,cfg1,cfg1,cfg1,RoBERTa-Base,WavLM-Large,ResNet50,MoE Mamba Experts
variant1_TFE-A_cfg1_AFE-B_cfg1_VFE-A_cfg1_d256_e16,variant1,TFE-A_cfg1,AFE-B_cfg1,VFE-A_cfg1,256,16,768,1024,2048,7,0.5584,0.6,0.5757,693.2,TFE-A,AFE-B,VFE-A,cfg1,cfg1,cfg1,RoBERTa-Base,WavLM-Large,ResNet50,MoE Mamba Experts
variant1_TFE-A_cfg1_AFE-B_cfg1_VFE-A_cfg1_d256_e8,variant1,TFE-A_cfg1,AFE-B_cfg1,VFE-A_cfg1,256,8,768,1024,2048,4,0.5507,0.6241,0.5882,458.9,TFE-A,AFE-B,VFE-A,cfg1,cfg1,cfg1,RoBERTa-Base,WavLM-Large,ResNet50,MoE Mamba Experts
variant1_TFE-A_cfg1_AFE-B_cfg1_VFE-A_cfg1_d512_e16,variant1,TFE-A_cfg1,AFE-B_cfg1,VFE-A_cfg1,512,16,768,1024,2048,4,0.5582,0.6088,0.5882,812.9,TFE-A,AFE-B,VFE-A,cfg1,cfg1,cfg1,RoBERTa-Base,WavLM-Large,ResNet50,MoE Mamba Experts
variant1_TFE-A_cfg1_AFE-B_cfg1_VFE-A_cfg1_d512_e8,variant1,TFE-A_cfg1,AFE-B_cfg1,VFE-A_cfg1,512,8,768,1024,2048,6,0.5704,0.6184,0.5949,774.8,TFE-A,AFE-B,VFE-A,cfg1,cfg1,cfg1,RoBERTa-Base,WavLM-Large,ResNet50,MoE Mamba Experts
variant1_TFE-A_cfg3_AFE-B_cfg3_VFE-A_cfg3_d1024_e8,variant1,TFE-A_cfg3,AFE-B_cfg3,VFE-A_cfg3,1024,8,768,1024,2048,4,0.5039,0.5307,0.5104,1342.0,TFE-A,AFE-B,VFE-A,cfg3,cfg3,cfg3,RoBERTa-Base,WavLM-Large,ResNet50,MoE Mamba Experts
variant1_TFE-A_cfg3_AFE-B_cfg3_VFE-A_cfg3_d256_e16,variant1,TFE-A_cfg3,AFE-B_cfg3,VFE-A_cfg3,256,16,768,1024,2048,6,0.4876,0.546,0.5155,678.6,TFE-A,AFE-B,VFE-A,cfg3,cfg3,cfg3,RoBERTa-Base,WavLM-Large,ResNet50,MoE Mamba Experts
variant1_TFE-A_cfg3_AFE-B_cfg3_VFE-A_cfg3_d256_e8,variant1,TFE-A_cfg3,AFE-B_cfg3,VFE-A_cfg3,256,8,768,1024,2048,5,0.4919,0.5579,0.5165,504.8,TFE-A,AFE-B,VFE-A,cfg3,cfg3,cfg3,RoBERTa-Base,WavLM-Large,ResNet50,MoE Mamba Experts
variant1_TFE-A_cfg3_AFE-B_cfg3_VFE-A_cfg3_d512_e16,variant1,TFE-A_cfg3,AFE-B_cfg3,VFE-A_cfg3,512,16,768,1024,2048,5,0.5059,0.5226,0.5147,877.8,TFE-A,AFE-B,VFE-A,cfg3,cfg3,cfg3,RoBERTa-Base,WavLM-Large,ResNet50,MoE Mamba Experts
variant1_TFE-A_cfg3_AFE-B_cfg3_VFE-A_cfg3_d512_e8,variant1,TFE-A_cfg3,AFE-B_cfg3,VFE-A_cfg3,512,8,768,1024,2048,5,0.4921,0.5548,0.5245,740.4,TFE-A,AFE-B,VFE-A,cfg3,cfg3,cfg3,RoBERTa-Base,WavLM-Large,ResNet50,MoE Mamba Experts
variant1_TFE-B_cfg1_AFE-B_cfg1_VFE-A_cfg1_d1024_e8,variant1,TFE-B_cfg1,AFE-B_cfg1,VFE-A_cfg1,1024,8,1024,1024,2048,11,0.5263,0.5552,0.5348,2008.5,TFE-B,AFE-B,VFE-A,cfg1,cfg1,cfg1,RoBERTa-Large,WavLM-Large,ResNet50,MoE Mamba Experts
variant1_TFE-B_cfg1_AFE-B_cfg1_VFE-A_cfg1_d256_e16,variant1,TFE-B_cfg1,AFE-B_cfg1,VFE-A_cfg1,256,16,1024,1024,2048,8,0.5249,0.582,0.5544,731.4,TFE-B,AFE-B,VFE-A,cfg1,cfg1,cfg1,RoBERTa-Large,WavLM-Large,ResNet50,MoE Mamba Experts
variant1_TFE-B_cfg1_AFE-B_cfg1_VFE-A_cfg1_d256_e8,variant1,TFE-B_cfg1,AFE-B_cfg1,VFE-A_cfg1,256,8,1024,1024,2048,9,0.535,0.5739,0.5435,641.7,TFE-B,AFE-B,VFE-A,cfg1,cfg1,cfg1,RoBERTa-Large,WavLM-Large,ResNet50,MoE Mamba Experts
variant1_TFE-B_cfg1_AFE-B_cfg1_VFE-A_cfg1_d512_e16,variant1,TFE-B_cfg1,AFE-B_cfg1,VFE-A_cfg1,512,16,1024,1024,2048,4,0.5222,0.5847,0.5532,818.7,TFE-B,AFE-B,VFE-A,cfg1,cfg1,cfg1,RoBERTa-Large,WavLM-Large,ResNet50,MoE Mamba Experts
variant1_TFE-B_cfg1_AFE-B_cfg1_VFE-A_cfg1_d512_e8,variant1,TFE-B_cfg1,AFE-B_cfg1,VFE-A_cfg1,512,8,1024,1024,2048,7,0.5404,0.5755,0.5623,837.6,TFE-B,AFE-B,VFE-A,cfg1,cfg1,cfg1,RoBERTa-Large,WavLM-Large,ResNet50,MoE Mamba Experts
variant1_TFE-B_cfg3_AFE-B_cfg3_VFE-A_cfg3_d1024_e8,variant1,TFE-B_cfg3,AFE-B_cfg3,VFE-A_cfg3,1024,8,1024,1024,2048,5,0.4942,0.5502,0.5096,1443.2,TFE-B,AFE-B,VFE-A,cfg3,cfg3,cfg3,RoBERTa-Large,WavLM-Large,ResNet50,MoE Mamba Experts
variant1_TFE-B_cfg3_AFE-B_cfg3_VFE-A_cfg3_d256_e16,variant1,TFE-B_cfg3,AFE-B_cfg3,VFE-A_cfg3,256,16,1024,1024,2048,5,0.5122,0.5487,0.523,615.8,TFE-B,AFE-B,VFE-A,cfg3,cfg3,cfg3,RoBERTa-Large,WavLM-Large,ResNet50,MoE Mamba Experts
variant1_TFE-B_cfg3_AFE-B_cfg3_VFE-A_cfg3_d256_e8,variant1,TFE-B_cfg3,AFE-B_cfg3,VFE-A_cfg3,256,8,1024,1024,2048,3,0.4987,0.533,0.511,424.7,TFE-B,AFE-B,VFE-A,cfg3,cfg3,cfg3,RoBERTa-Large,WavLM-Large,ResNet50,MoE Mamba Experts
variant1_TFE-B_cfg3_AFE-B_cfg3_VFE-A_cfg3_d512_e16,variant1,TFE-B_cfg3,AFE-B_cfg3,VFE-A_cfg3,512,16,1024,1024,2048,4,0.4992,0.567,0.5176,811.6,TFE-B,AFE-B,VFE-A,cfg3,cfg3,cfg3,RoBERTa-Large,WavLM-Large,ResNet50,MoE Mamba Experts
variant1_TFE-B_cfg3_AFE-B_cfg3_VFE-A_cfg3_d512_e8,variant1,TFE-B_cfg3,AFE-B_cfg3,VFE-A_cfg3,512,8,1024,1024,2048,8,0.4951,0.5115,0.4952,907.0,TFE-B,AFE-B,VFE-A,cfg3,cfg3,cfg3,RoBERTa-Large,WavLM-Large,ResNet50,MoE Mamba Experts
variant1_TFE-C_cfg1_AFE-B_cfg1_VFE-A_cfg1_d1024_e8,variant1,TFE-C_cfg1,AFE-B_cfg1,VFE-A_cfg1,1024,8,1024,1024,2048,7,0.448,0.5119,0.4791,1714.5,TFE-C,AFE-B,VFE-A,cfg1,cfg1,cfg1,DeBERTa-v3,WavLM-Large,ResNet50,MoE Mamba Experts
variant1_TFE-C_cfg1_AFE-B_cfg1_VFE-A_cfg1_d256_e16,variant1,TFE-C_cfg1,AFE-B_cfg1,VFE-A_cfg1,256,16,1024,1024,2048,7,0.4694,0.4996,0.4768,730.5,TFE-C,AFE-B,VFE-A,cfg1,cfg1,cfg1,DeBERTa-v3,WavLM-Large,ResNet50,MoE Mamba Experts
variant1_TFE-C_cfg1_AFE-B_cfg1_VFE-A_cfg1_d256_e8,variant1,TFE-C_cfg1,AFE-B_cfg1,VFE-A_cfg1,256,8,1024,1024,2048,5,0.453,0.4881,0.4721,510.1,TFE-C,AFE-B,VFE-A,cfg1,cfg1,cfg1,DeBERTa-v3,WavLM-Large,ResNet50,MoE Mamba Experts
variant1_TFE-C_cfg1_AFE-B_cfg1_VFE-A_cfg1_d512_e16,variant1,TFE-C_cfg1,AFE-B_cfg1,VFE-A_cfg1,512,16,1024,1024,2048,6,0.4515,0.4943,0.4715,989.4,TFE-C,AFE-B,VFE-A,cfg1,cfg1,cfg1,DeBERTa-v3,WavLM-Large,ResNet50,MoE Mamba Experts
variant1_TFE-C_cfg1_AFE-B_cfg1_VFE-A_cfg1_d512_e8,variant1,TFE-C_cfg1,AFE-B_cfg1,VFE-A_cfg1,512,8,1024,1024,2048,4,0.4521,0.4977,0.4757,724.6,TFE-C,AFE-B,VFE-A,cfg1,cfg1,cfg1,DeBERTa-v3,WavLM-Large,ResNet50,MoE Mamba Experts
variant1_TFE-C_cfg1_AFE-B_cfg1_VFE-B_cfg1_d1024_e8,variant1,TFE-C_cfg1,AFE-B_cfg1,VFE-B_cfg1,1024,8,1024,1024,1792,3,0.4579,0.5096,0.4654,1300.5,TFE-C,AFE-B,VFE-B,cfg1,cfg1,cfg1,DeBERTa-v3,WavLM-Large,VFE-B-1792,MoE Mamba Experts
variant1_TFE-C_cfg1_AFE-B_cfg1_VFE-B_cfg1_d256_e16,variant1,TFE-C_cfg1,AFE-B_cfg1,VFE-B_cfg1,256,16,1024,1024,1792,6,0.4546,0.5015,0.4642,678.7,TFE-C,AFE-B,VFE-B,cfg1,cfg1,cfg1,DeBERTa-v3,WavLM-Large,VFE-B-1792,MoE Mamba Experts
variant1_TFE-C_cfg1_AFE-B_cfg1_VFE-B_cfg1_d256_e8,variant1,TFE-C_cfg1,AFE-B_cfg1,VFE-B_cfg1,256,8,1024,1024,1792,3,0.4408,0.5264,0.4683,442.8,TFE-C,AFE-B,VFE-B,cfg1,cfg1,cfg1,DeBERTa-v3,WavLM-Large,VFE-B-1792,MoE Mamba Experts
variant1_TFE-C_cfg1_AFE-B_cfg1_VFE-B_cfg1_d512_e16,variant1,TFE-C_cfg1,AFE-B_cfg1,VFE-B_cfg1,512,16,1024,1024,1792,6,0.4599,0.5046,0.4821,987.7,TFE-C,AFE-B,VFE-B,cfg1,cfg1,cfg1,DeBERTa-v3,WavLM-Large,VFE-B-1792,MoE Mamba Experts
variant1_TFE-C_cfg1_AFE-B_cfg1_VFE-B_cfg1_d512_e8,variant1,TFE-C_cfg1,AFE-B_cfg1,VFE-B_cfg1,512,8,1024,1024,1792,6,0.4506,0.5069,0.4709,815.0,TFE-C,AFE-B,VFE-B,cfg1,cfg1,cfg1,DeBERTa-v3,WavLM-Large,VFE-B-1792,MoE Mamba Experts
variant1_TFE-C_cfg1_AFE-C_cfg1_VFE-A_cfg1_d1024_e8,variant1,TFE-C_cfg1,AFE-C_cfg1,VFE-A_cfg1,1024,8,1024,1024,2048,23,0.3432,0.3851,0.3471,2807.1,TFE-C,AFE-C,VFE-A,cfg1,cfg1,cfg1,DeBERTa-v3,AFE-C-1024,ResNet50,MoE Mamba Experts
variant1_TFE-C_cfg1_AFE-C_cfg1_VFE-A_cfg1_d256_e16,variant1,TFE-C_cfg1,AFE-C_cfg1,VFE-A_cfg1,256,16,1024,1024,2048,13,0.3523,0.3946,0.3576,942.5,TFE-C,AFE-C,VFE-A,cfg1,cfg1,cfg1,DeBERTa-v3,AFE-C-1024,ResNet50,MoE Mamba Experts
variant1_TFE-C_cfg1_AFE-C_cfg1_VFE-A_cfg1_d256_e8,variant1,TFE-C_cfg1,AFE-C_cfg1,VFE-A_cfg1,256,8,1024,1024,2048,19,0.3424,0.3766,0.3436,952.9,TFE-C,AFE-C,VFE-A,cfg1,cfg1,cfg1,DeBERTa-v3,AFE-C-1024,ResNet50,MoE Mamba Experts
variant1_TFE-C_cfg1_AFE-C_cfg1_VFE-A_cfg1_d512_e16,variant1,TFE-C_cfg1,AFE-C_cfg1,VFE-A_cfg1,512,16,1024,1024,2048,15,0.3495,0.4103,0.3621,1434.1,TFE-C,AFE-C,VFE-A,cfg1,cfg1,cfg1,DeBERTa-v3,AFE-C-1024,ResNet50,MoE Mamba Experts
variant1_TFE-C_cfg1_AFE-C_cfg1_VFE-A_cfg1_d512_e8,variant1,TFE-C_cfg1,AFE-C_cfg1,VFE-A_cfg1,512,8,1024,1024,2048,19,0.3434,0.3992,0.3591,1428.5,TFE-C,AFE-C,VFE-A,cfg1,cfg1,cfg1,DeBERTa-v3,AFE-C-1024,ResNet50,MoE Mamba Experts
variant1_TFE-C_cfg3_AFE-B_cfg3_VFE-A_cfg3_d1024_e8,variant1,TFE-C_cfg3,AFE-B_cfg3,VFE-A_cfg3,1024,8,1024,1024,2048,6,0.4547,0.495,0.4759,1604.2,TFE-C,AFE-B,VFE-A,cfg3,cfg3,cfg3,DeBERTa-v3,WavLM-Large,ResNet50,MoE Mamba Experts
variant1_TFE-C_cfg3_AFE-B_cfg3_VFE-A_cfg3_d256_e16,variant1,TFE-C_cfg3,AFE-B_cfg3,VFE-A_cfg3,256,16,1024,1024,2048,4,0.4763,0.5172,0.486,599.3,TFE-C,AFE-B,VFE-A,cfg3,cfg3,cfg3,DeBERTa-v3,WavLM-Large,ResNet50,MoE Mamba Experts
variant1_TFE-C_cfg3_AFE-B_cfg3_VFE-A_cfg3_d256_e8,variant1,TFE-C_cfg3,AFE-B_cfg3,VFE-A_cfg3,256,8,1024,1024,2048,10,0.4618,0.4962,0.4841,678.7,TFE-C,AFE-B,VFE-A,cfg3,cfg3,cfg3,DeBERTa-v3,WavLM-Large,ResNet50,MoE Mamba Experts
variant1_TFE-C_cfg3_AFE-B_cfg3_VFE-A_cfg3_d512_e16,variant1,TFE-C_cfg3,AFE-B_cfg3,VFE-A_cfg3,512,16,1024,1024,2048,9,0.4627,0.4935,0.472,1179.2,TFE-C,AFE-B,VFE-A,cfg3,cfg3,cfg3,DeBERTa-v3,WavLM-Large,ResNet50,MoE Mamba Experts
variant1_TFE-C_cfg3_AFE-B_cfg3_VFE-A_cfg3_d512_e8,variant1,TFE-C_cfg3,AFE-B_cfg3,VFE-A_cfg3,512,8,1024,1024,2048,6,0.4649,0.5345,0.4928,811.5,TFE-C,AFE-B,VFE-A,cfg3,cfg3,cfg3,DeBERTa-v3,WavLM-Large,ResNet50,MoE Mamba Experts
variant1_TFE-C_cfg4_AFE-B_cfg1_VFE-A_cfg1_d1024_e8,variant1,TFE-C_cfg4,AFE-B_cfg1,VFE-A_cfg1,1024,8,1024,1024,2048,6,0.4652,0.487,0.4836,1564.5,TFE-C,AFE-B,VFE-A,cfg4,cfg1,cfg1,DeBERTa-v3,WavLM-Large,ResNet50,MoE Mamba Experts
variant1_TFE-C_cfg4_AFE-B_cfg1_VFE-A_cfg1_d256_e16,variant1,TFE-C_cfg4,AFE-B_cfg1,VFE-A_cfg1,256,16,1024,1024,2048,4,0.4865,0.5414,0.5018,587.6,TFE-C,AFE-B,VFE-A,cfg4,cfg1,cfg1,DeBERTa-v3,WavLM-Large,ResNet50,MoE Mamba Experts
variant1_TFE-C_cfg4_AFE-B_cfg1_VFE-A_cfg1_d256_e8,variant1,TFE-C_cfg4,AFE-B_cfg1,VFE-A_cfg1,256,8,1024,1024,2048,9,0.4765,0.5149,0.4902,640.7,TFE-C,AFE-B,VFE-A,cfg4,cfg1,cfg1,DeBERTa-v3,WavLM-Large,ResNet50,MoE Mamba Experts
variant1_TFE-C_cfg4_AFE-B_cfg1_VFE-A_cfg1_d512_e16,variant1,TFE-C_cfg4,AFE-B_cfg1,VFE-A_cfg1,512,16,1024,1024,2048,3,0.4728,0.5188,0.4905,764.0,TFE-C,AFE-B,VFE-A,cfg4,cfg1,cfg1,DeBERTa-v3,WavLM-Large,ResNet50,MoE Mamba Experts
variant1_TFE-C_cfg4_AFE-B_cfg1_VFE-A_cfg1_d512_e8,variant1,TFE-C_cfg4,AFE-B_cfg1,VFE-A_cfg1,512,8,1024,1024,2048,9,0.4862,0.4885,0.4651,937.2,TFE-C,AFE-B,VFE-A,cfg4,cfg1,cfg1,DeBERTa-v3,WavLM-Large,ResNet50,MoE Mamba Experts
variant1_TFE-D_cfg1_AFE-B_cfg1_VFE-A_cfg1_d1024_e8,variant1,TFE-D_cfg1,AFE-B_cfg1,VFE-A_cfg1,1024,8,1024,1024,2048,13,0.5592,0.6008,0.5878,2304.4,TFE-D,AFE-B,VFE-A,cfg1,cfg1,cfg1,BERT-Large,WavLM-Large,ResNet50,MoE Mamba Experts
variant1_TFE-D_cfg1_AFE-B_cfg1_VFE-A_cfg1_d256_e16,variant1,TFE-D_cfg1,AFE-B_cfg1,VFE-A_cfg1,256,16,1024,1024,2048,9,0.5769,0.6134,0.6101,808.4,TFE-D,AFE-B,VFE-A,cfg1,cfg1,cfg1,BERT-Large,WavLM-Large,ResNet50,MoE Mamba Experts
variant1_TFE-D_cfg1_AFE-B_cfg1_VFE-A_cfg1_d256_e8,variant1,TFE-D_cfg1,AFE-B_cfg1,VFE-A_cfg1,256,8,1024,1024,2048,6,0.5849,0.61,0.5901,546.4,TFE-D,AFE-B,VFE-A,cfg1,cfg1,cfg1,BERT-Large,WavLM-Large,ResNet50,MoE Mamba Experts
variant1_TFE-D_cfg1_AFE-B_cfg1_VFE-A_cfg1_d512_e16,variant1,TFE-D_cfg1,AFE-B_cfg1,VFE-A_cfg1,512,16,1024,1024,2048,7,0.5851,0.6169,0.6037,1022.8,TFE-D,AFE-B,VFE-A,cfg1,cfg1,cfg1,BERT-Large,WavLM-Large,ResNet50,MoE Mamba Experts
variant1_TFE-D_cfg1_AFE-B_cfg1_VFE-A_cfg1_d512_e8,variant1,TFE-D_cfg1,AFE-B_cfg1,VFE-A_cfg1,512,8,1024,1024,2048,15,0.563,0.6119,0.5864,1293.5,TFE-D,AFE-B,VFE-A,cfg1,cfg1,cfg1,BERT-Large,WavLM-Large,ResNet50,MoE Mamba Experts
variant1_TFE-E_cfg1_AFE-B_cfg1_VFE-A_cfg1_d1024_e8,variant1,TFE-E_cfg1,AFE-B_cfg1,VFE-A_cfg1,1024,8,1024,1024,2048,5,0.5284,0.5774,0.5355,1428.6,TFE-E,AFE-B,VFE-A,cfg1,cfg1,cfg1,Electra-Large,WavLM-Large,ResNet50,MoE Mamba Experts
variant1_TFE-E_cfg1_AFE-B_cfg1_VFE-A_cfg1_d256_e16,variant1,TFE-E_cfg1,AFE-B_cfg1,VFE-A_cfg1,256,16,1024,1024,2048,7,0.5449,0.5778,0.5627,720.0,TFE-E,AFE-B,VFE-A,cfg1,cfg1,cfg1,Electra-Large,WavLM-Large,ResNet50,MoE Mamba Experts
variant1_TFE-E_cfg1_AFE-B_cfg1_VFE-A_cfg1_d256_e8,variant1,TFE-E_cfg1,AFE-B_cfg1,VFE-A_cfg1,256,8,1024,1024,2048,7,0.5348,0.5966,0.5649,584.8,TFE-E,AFE-B,VFE-A,cfg1,cfg1,cfg1,Electra-Large,WavLM-Large,ResNet50,MoE Mamba Experts
variant1_TFE-E_cfg1_AFE-B_cfg1_VFE-A_cfg1_d512_e16,variant1,TFE-E_cfg1,AFE-B_cfg1,VFE-A_cfg1,512,16,1024,1024,2048,7,0.5421,0.5801,0.564,1017.2,TFE-E,AFE-B,VFE-A,cfg1,cfg1,cfg1,Electra-Large,WavLM-Large,ResNet50,MoE Mamba Experts
variant1_TFE-E_cfg1_AFE-B_cfg1_VFE-A_cfg1_d512_e8,variant1,TFE-E_cfg1,AFE-B_cfg1,VFE-A_cfg1,512,8,1024,1024,2048,5,0.5495,0.5981,0.5672,757.8,TFE-E,AFE-B,VFE-A,cfg1,cfg1,cfg1,Electra-Large,WavLM-Large,ResNet50,MoE Mamba Experts
variant2_TFE-A_cfg1_AFE-B_cfg1_VFE-A_cfg1_d1024_e16,variant2,TFE-A_cfg1,AFE-B_cfg1,VFE-A_cfg1,1024,16,768,1024,2048,15,0.5149,0.5659,0.5386,2428.0,TFE-A,AFE-B,VFE-A,cfg1,cfg1,cfg1,RoBERTa-Base,WavLM-Large,ResNet50,Modality Specialists
variant2_TFE-A_cfg1_AFE-B_cfg1_VFE-A_cfg1_d1024_e8,variant2,TFE-A_cfg1,AFE-B_cfg1,VFE-A_cfg1,1024,8,768,1024,2048,8,0.5241,0.5471,0.536,1226.2,TFE-A,AFE-B,VFE-A,cfg1,cfg1,cfg1,RoBERTa-Base,WavLM-Large,ResNet50,Modality Specialists
variant2_TFE-A_cfg1_AFE-B_cfg1_VFE-A_cfg1_d256_e16,variant2,TFE-A_cfg1,AFE-B_cfg1,VFE-A_cfg1,256,16,768,1024,2048,3,0.5428,0.6073,0.5706,468.5,TFE-A,AFE-B,VFE-A,cfg1,cfg1,cfg1,RoBERTa-Base,WavLM-Large,ResNet50,Modality Specialists
variant2_TFE-A_cfg1_AFE-B_cfg1_VFE-A_cfg1_d256_e8,variant2,TFE-A_cfg1,AFE-B_cfg1,VFE-A_cfg1,256,8,768,1024,2048,8,0.5496,0.5812,0.5572,474.2,TFE-A,AFE-B,VFE-A,cfg1,cfg1,cfg1,RoBERTa-Base,WavLM-Large,ResNet50,Modality Specialists
variant2_TFE-A_cfg1_AFE-B_cfg1_VFE-A_cfg1_d512_e16,variant2,TFE-A_cfg1,AFE-B_cfg1,VFE-A_cfg1,512,16,768,1024,2048,6,0.5507,0.5908,0.564,833.1,TFE-A,AFE-B,VFE-A,cfg1,cfg1,cfg1,RoBERTa-Base,WavLM-Large,ResNet50,Modality Specialists
variant2_TFE-A_cfg1_AFE-B_cfg1_VFE-A_cfg1_d512_e8,variant2,TFE-A_cfg1,AFE-B_cfg1,VFE-A_cfg1,512,8,768,1024,2048,4,0.5383,0.6142,0.5682,520.9,TFE-A,AFE-B,VFE-A,cfg1,cfg1,cfg1,RoBERTa-Base,WavLM-Large,ResNet50,Modality Specialists
variant2_TFE-A_cfg3_AFE-B_cfg3_VFE-A_cfg3_d1024_e16,variant2,TFE-A_cfg3,AFE-B_cfg3,VFE-A_cfg3,1024,16,768,1024,2048,14,0.5031,0.5444,0.5233,2257.0,TFE-A,AFE-B,VFE-A,cfg3,cfg3,cfg3,RoBERTa-Base,WavLM-Large,ResNet50,Modality Specialists
variant2_TFE-A_cfg3_AFE-B_cfg3_VFE-A_cfg3_d1024_e8,variant2,TFE-A_cfg3,AFE-B_cfg3,VFE-A_cfg3,1024,8,768,1024,2048,16,0.5067,0.5307,0.5175,1757.5,TFE-A,AFE-B,VFE-A,cfg3,cfg3,cfg3,RoBERTa-Base,WavLM-Large,ResNet50,Modality Specialists
variant2_TFE-A_cfg3_AFE-B_cfg3_VFE-A_cfg3_d256_e16,variant2,TFE-A_cfg3,AFE-B_cfg3,VFE-A_cfg3,256,16,768,1024,2048,6,0.522,0.569,0.5477,577.7,TFE-A,AFE-B,VFE-A,cfg3,cfg3,cfg3,RoBERTa-Base,WavLM-Large,ResNet50,Modality Specialists
variant2_TFE-A_cfg3_AFE-B_cfg3_VFE-A_cfg3_d256_e8,variant2,TFE-A_cfg3,AFE-B_cfg3,VFE-A_cfg3,256,8,768,1024,2048,5,0.5139,0.5843,0.549,381.9,TFE-A,AFE-B,VFE-A,cfg3,cfg3,cfg3,RoBERTa-Base,WavLM-Large,ResNet50,Modality Specialists
variant2_TFE-A_cfg3_AFE-B_cfg3_VFE-A_cfg3_d512_e16,variant2,TFE-A_cfg3,AFE-B_cfg3,VFE-A_cfg3,512,16,768,1024,2048,5,0.5232,0.5628,0.5427,765.5,TFE-A,AFE-B,VFE-A,cfg3,cfg3,cfg3,RoBERTa-Base,WavLM-Large,ResNet50,Modality Specialists
variant2_TFE-A_cfg3_AFE-B_cfg3_VFE-A_cfg3_d512_e8,variant2,TFE-A_cfg3,AFE-B_cfg3,VFE-A_cfg3,512,8,768,1024,2048,6,0.5178,0.5778,0.5381,566.2,TFE-A,AFE-B,VFE-A,cfg3,cfg3,cfg3,RoBERTa-Base,WavLM-Large,ResNet50,Modality Specialists
variant2_TFE-B_cfg1_AFE-B_cfg1_VFE-A_cfg1_d1024_e16,variant2,TFE-B_cfg1,AFE-B_cfg1,VFE-A_cfg1,1024,16,1024,1024,2048,10,0.4957,0.5939,0.538,1922.6,TFE-B,AFE-B,VFE-A,cfg1,cfg1,cfg1,RoBERTa-Large,WavLM-Large,ResNet50,Modality Specialists
variant2_TFE-B_cfg1_AFE-B_cfg1_VFE-A_cfg1_d1024_e8,variant2,TFE-B_cfg1,AFE-B_cfg1,VFE-A_cfg1,1024,8,1024,1024,2048,12,0.4916,0.5605,0.5295,1506.0,TFE-B,AFE-B,VFE-A,cfg1,cfg1,cfg1,RoBERTa-Large,WavLM-Large,ResNet50,Modality Specialists
variant2_TFE-B_cfg1_AFE-B_cfg1_VFE-A_cfg1_d256_e16,variant2,TFE-B_cfg1,AFE-B_cfg1,VFE-A_cfg1,256,16,1024,1024,2048,4,0.5393,0.5966,0.5635,505.5,TFE-B,AFE-B,VFE-A,cfg1,cfg1,cfg1,RoBERTa-Large,WavLM-Large,ResNet50,Modality Specialists
variant2_TFE-B_cfg1_AFE-B_cfg1_VFE-A_cfg1_d256_e8,variant2,TFE-B_cfg1,AFE-B_cfg1,VFE-A_cfg1,256,8,1024,1024,2048,11,0.5108,0.5437,0.5235,549.7,TFE-B,AFE-B,VFE-A,cfg1,cfg1,cfg1,RoBERTa-Large,WavLM-Large,ResNet50,Modality Specialists
variant2_TFE-B_cfg1_AFE-B_cfg1_VFE-A_cfg1_d512_e16,variant2,TFE-B_cfg1,AFE-B_cfg1,VFE-A_cfg1,512,16,1024,1024,2048,6,0.4939,0.5904,0.5514,836.6,TFE-B,AFE-B,VFE-A,cfg1,cfg1,cfg1,RoBERTa-Large,WavLM-Large,ResNet50,Modality Specialists
variant2_TFE-B_cfg1_AFE-B_cfg1_VFE-A_cfg1_d512_e8,variant2,TFE-B_cfg1,AFE-B_cfg1,VFE-A_cfg1,512,8,1024,1024,2048,7,0.4992,0.5713,0.5481,621.1,TFE-B,AFE-B,VFE-A,cfg1,cfg1,cfg1,RoBERTa-Large,WavLM-Large,ResNet50,Modality Specialists
variant2_TFE-B_cfg3_AFE-B_cfg3_VFE-A_cfg3_d1024_e16,variant2,TFE-B_cfg3,AFE-B_cfg3,VFE-A_cfg3,1024,16,1024,1024,2048,16,0.4964,0.5536,0.5243,2472.8,TFE-B,AFE-B,VFE-A,cfg3,cfg3,cfg3,RoBERTa-Large,WavLM-Large,ResNet50,Modality Specialists
variant2_TFE-B_cfg3_AFE-B_cfg3_VFE-A_cfg3_d1024_e8,variant2,TFE-B_cfg3,AFE-B_cfg3,VFE-A_cfg3,1024,8,1024,1024,2048,13,0.4975,0.549,0.5234,1539.0,TFE-B,AFE-B,VFE-A,cfg3,cfg3,cfg3,RoBERTa-Large,WavLM-Large,ResNet50,Modality Specialists
variant2_TFE-B_cfg3_AFE-B_cfg3_VFE-A_cfg3_d256_e16,variant2,TFE-B_cfg3,AFE-B_cfg3,VFE-A_cfg3,256,16,1024,1024,2048,4,0.5157,0.5586,0.5382,493.4,TFE-B,AFE-B,VFE-A,cfg3,cfg3,cfg3,RoBERTa-Large,WavLM-Large,ResNet50,Modality Specialists
variant2_TFE-B_cfg3_AFE-B_cfg3_VFE-A_cfg3_d256_e8,variant2,TFE-B_cfg3,AFE-B_cfg3,VFE-A_cfg3,256,8,1024,1024,2048,5,0.5163,0.5847,0.5472,401.7,TFE-B,AFE-B,VFE-A,cfg3,cfg3,cfg3,RoBERTa-Large,WavLM-Large,ResNet50,Modality Specialists
variant2_TFE-B_cfg3_AFE-B_cfg3_VFE-A_cfg3_d512_e16,variant2,TFE-B_cfg3,AFE-B_cfg3,VFE-A_cfg3,512,16,1024,1024,2048,6,0.4989,0.5559,0.533,816.2,TFE-B,AFE-B,VFE-A,cfg3,cfg3,cfg3,RoBERTa-Large,WavLM-Large,ResNet50,Modality Specialists
variant2_TFE-B_cfg3_AFE-B_cfg3_VFE-A_cfg3_d512_e8,variant2,TFE-B_cfg3,AFE-B_cfg3,VFE-A_cfg3,512,8,1024,1024,2048,5,0.5012,0.5751,0.5467,524.9,TFE-B,AFE-B,VFE-A,cfg3,cfg3,cfg3,RoBERTa-Large,WavLM-Large,ResNet50,Modality Specialists
variant2_TFE-C_cfg1_AFE-B_cfg1_VFE-A_cfg1_d1024_e16,variant2,TFE-C_cfg1,AFE-B_cfg1,VFE-A_cfg1,1024,16,1024,1024,2048,14,0.4083,0.5119,0.4576,2278.9,TFE-C,AFE-B,VFE-A,cfg1,cfg1,cfg1,DeBERTa-v3,WavLM-Large,ResNet50,Modality Specialists
variant2_TFE-C_cfg1_AFE-B_cfg1_VFE-A_cfg1_d1024_e8,variant2,TFE-C_cfg1,AFE-B_cfg1,VFE-A_cfg1,1024,8,1024,1024,2048,13,0.4286,0.5027,0.4612,1560.3,TFE-C,AFE-B,VFE-A,cfg1,cfg1,cfg1,DeBERTa-v3,WavLM-Large,ResNet50,Modality Specialists
variant2_TFE-C_cfg1_AFE-B_cfg1_VFE-A_cfg1_d256_e16,variant2,TFE-C_cfg1,AFE-B_cfg1,VFE-A_cfg1,256,16,1024,1024,2048,3,0.446,0.5195,0.4763,467.5,TFE-C,AFE-B,VFE-A,cfg1,cfg1,cfg1,DeBERTa-v3,WavLM-Large,ResNet50,Modality Specialists
variant2_TFE-C_cfg1_AFE-B_cfg1_VFE-A_cfg1_d256_e8,variant2,TFE-C_cfg1,AFE-B_cfg1,VFE-A_cfg1,256,8,1024,1024,2048,4,0.4368,0.523,0.4775,383.7,TFE-C,AFE-B,VFE-A,cfg1,cfg1,cfg1,DeBERTa-v3,WavLM-Large,ResNet50,Modality Specialists
variant2_TFE-C_cfg1_AFE-B_cfg1_VFE-A_cfg1_d512_e16,variant2,TFE-C_cfg1,AFE-B_cfg1,VFE-A_cfg1,512,16,1024,1024,2048,14,0.4478,0.4444,0.4381,1245.8,TFE-C,AFE-B,VFE-A,cfg1,cfg1,cfg1,DeBERTa-v3,WavLM-Large,ResNet50,Modality Specialists
variant2_TFE-C_cfg1_AFE-B_cfg1_VFE-A_cfg1_d512_e8,variant2,TFE-C_cfg1,AFE-B_cfg1,VFE-A_cfg1,512,8,1024,1024,2048,5,0.4422,0.4969,0.4652,539.3,TFE-C,AFE-B,VFE-A,cfg1,cfg1,cfg1,DeBERTa-v3,WavLM-Large,ResNet50,Modality Specialists
variant2_TFE-C_cfg1_AFE-B_cfg1_VFE-B_cfg1_d1024_e16,variant2,TFE-C_cfg1,AFE-B_cfg1,VFE-B_cfg1,1024,16,1024,1024,1792,14,0.4483,0.4862,0.4587,2315.2,TFE-C,AFE-B,VFE-B,cfg1,cfg1,cfg1,DeBERTa-v3,WavLM-Large,VFE-B-1792,Modality Specialists
variant2_TFE-C_cfg1_AFE-B_cfg1_VFE-B_cfg1_d1024_e8,variant2,TFE-C_cfg1,AFE-B_cfg1,VFE-B_cfg1,1024,8,1024,1024,1792,10,0.418,0.4916,0.4535,1358.2,TFE-C,AFE-B,VFE-B,cfg1,cfg1,cfg1,DeBERTa-v3,WavLM-Large,VFE-B-1792,Modality Specialists
variant2_TFE-C_cfg1_AFE-B_cfg1_VFE-B_cfg1_d256_e16,variant2,TFE-C_cfg1,AFE-B_cfg1,VFE-B_cfg1,256,16,1024,1024,1792,6,0.4668,0.4805,0.4511,578.5,TFE-C,AFE-B,VFE-B,cfg1,cfg1,cfg1,DeBERTa-v3,WavLM-Large,VFE-B-1792,Modality Specialists
variant2_TFE-C_cfg1_AFE-B_cfg1_VFE-B_cfg1_d256_e8,variant2,TFE-C_cfg1,AFE-B_cfg1,VFE-B_cfg1,256,8,1024,1024,1792,4,0.4527,0.5069,0.491,381.8,TFE-C,AFE-B,VFE-B,cfg1,cfg1,cfg1,DeBERTa-v3,WavLM-Large,VFE-B-1792,Modality Specialists
variant2_TFE-C_cfg1_AFE-B_cfg1_VFE-B_cfg1_d512_e16,variant2,TFE-C_cfg1,AFE-B_cfg1,VFE-B_cfg1,512,16,1024,1024,1792,17,0.4494,0.4287,0.4155,1405.1,TFE-C,AFE-B,VFE-B,cfg1,cfg1,cfg1,DeBERTa-v3,WavLM-Large,VFE-B-1792,Modality Specialists
variant2_TFE-C_cfg1_AFE-B_cfg1_VFE-B_cfg1_d512_e8,variant2,TFE-C_cfg1,AFE-B_cfg1,VFE-B_cfg1,512,8,1024,1024,1792,4,0.4338,0.5149,0.4713,529.5,TFE-C,AFE-B,VFE-B,cfg1,cfg1,cfg1,DeBERTa-v3,WavLM-Large,VFE-B-1792,Modality Specialists
variant2_TFE-C_cfg1_AFE-C_cfg1_VFE-A_cfg1_d1024_e16,variant2,TFE-C_cfg1,AFE-C_cfg1,VFE-A_cfg1,1024,16,1024,1024,2048,4,0.2525,0.4816,0.3142,1330.1,TFE-C,AFE-C,VFE-A,cfg1,cfg1,cfg1,DeBERTa-v3,AFE-C-1024,ResNet50,Modality Specialists
variant2_TFE-C_cfg1_AFE-C_cfg1_VFE-A_cfg1_d1024_e8,variant2,TFE-C_cfg1,AFE-C_cfg1,VFE-A_cfg1,1024,8,1024,1024,2048,1,0.2523,0.4812,0.3127,754.2,TFE-C,AFE-C,VFE-A,cfg1,cfg1,cfg1,DeBERTa-v3,AFE-C-1024,ResNet50,Modality Specialists
variant2_TFE-C_cfg1_AFE-C_cfg1_VFE-A_cfg1_d256_e16,variant2,TFE-C_cfg1,AFE-C_cfg1,VFE-A_cfg1,256,16,1024,1024,2048,16,0.3443,0.3701,0.341,951.4,TFE-C,AFE-C,VFE-A,cfg1,cfg1,cfg1,DeBERTa-v3,AFE-C-1024,ResNet50,Modality Specialists
variant2_TFE-C_cfg1_AFE-C_cfg1_VFE-A_cfg1_d256_e8,variant2,TFE-C_cfg1,AFE-C_cfg1,VFE-A_cfg1,256,8,1024,1024,2048,18,0.346,0.3525,0.3383,730.0,TFE-C,AFE-C,VFE-A,cfg1,cfg1,cfg1,DeBERTa-v3,AFE-C-1024,ResNet50,Modality Specialists
variant2_TFE-C_cfg1_AFE-C_cfg1_VFE-A_cfg1_d512_e16,variant2,TFE-C_cfg1,AFE-C_cfg1,VFE-A_cfg1,512,16,1024,1024,2048,16,0.3305,0.3916,0.3482,1327.9,TFE-C,AFE-C,VFE-A,cfg1,cfg1,cfg1,DeBERTa-v3,AFE-C-1024,ResNet50,Modality Specialists
variant2_TFE-C_cfg1_AFE-C_cfg1_VFE-A_cfg1_d512_e8,variant2,TFE-C_cfg1,AFE-C_cfg1,VFE-A_cfg1,512,8,1024,1024,2048,15,0.3316,0.387,0.3445,893.1,TFE-C,AFE-C,VFE-A,cfg1,cfg1,cfg1,DeBERTa-v3,AFE-C-1024,ResNet50,Modality Specialists
variant2_TFE-C_cfg3_AFE-B_cfg3_VFE-A_cfg3_d1024_e16,variant2,TFE-C_cfg3,AFE-B_cfg3,VFE-A_cfg3,1024,16,1024,1024,2048,6,0.2691,0.4854,0.33,1506.1,TFE-C,AFE-B,VFE-A,cfg3,cfg3,cfg3,DeBERTa-v3,WavLM-Large,ResNet50,Modality Specialists
variant2_TFE-C_cfg3_AFE-B_cfg3_VFE-A_cfg3_d1024_e8,variant2,TFE-C_cfg3,AFE-B_cfg3,VFE-A_cfg3,1024,8,1024,1024,2048,15,0.4429,0.5333,0.4914,1702.8,TFE-C,AFE-B,VFE-A,cfg3,cfg3,cfg3,DeBERTa-v3,WavLM-Large,ResNet50,Modality Specialists
variant2_TFE-C_cfg3_AFE-B_cfg3_VFE-A_cfg3_d256_e16,variant2,TFE-C_cfg3,AFE-B_cfg3,VFE-A_cfg3,256,16,1024,1024,2048,8,0.4586,0.5287,0.4864,644.7,TFE-C,AFE-B,VFE-A,cfg3,cfg3,cfg3,DeBERTa-v3,WavLM-Large,ResNet50,Modality Specialists
variant2_TFE-C_cfg3_AFE-B_cfg3_VFE-A_cfg3_d256_e8,variant2,TFE-C_cfg3,AFE-B_cfg3,VFE-A_cfg3,256,8,1024,1024,2048,6,0.4646,0.5517,0.5124,420.2,TFE-C,AFE-B,VFE-A,cfg3,cfg3,cfg3,DeBERTa-v3,WavLM-Large,ResNet50,Modality Specialists
variant2_TFE-C_cfg3_AFE-B_cfg3_VFE-A_cfg3_d512_e16,variant2,TFE-C_cfg3,AFE-B_cfg3,VFE-A_cfg3,512,16,1024,1024,2048,8,0.4671,0.5188,0.4923,934.7,TFE-C,AFE-B,VFE-A,cfg3,cfg3,cfg3,DeBERTa-v3,WavLM-Large,ResNet50,Modality Specialists
variant2_TFE-C_cfg3_AFE-B_cfg3_VFE-A_cfg3_d512_e8,variant2,TFE-C_cfg3,AFE-B_cfg3,VFE-A_cfg3,512,8,1024,1024,2048,7,0.4697,0.4931,0.4808,611.2,TFE-C,AFE-B,VFE-A,cfg3,cfg3,cfg3,DeBERTa-v3,WavLM-Large,ResNet50,Modality Specialists
variant2_TFE-C_cfg4_AFE-B_cfg1_VFE-A_cfg1_d1024_e16,variant2,TFE-C_cfg4,AFE-B_cfg1,VFE-A_cfg1,1024,16,1024,1024,2048,12,0.4634,0.5425,0.4956,2077.7,TFE-C,AFE-B,VFE-A,cfg4,cfg1,cfg1,DeBERTa-v3,WavLM-Large,ResNet50,Modality Specialists
variant2_TFE-C_cfg4_AFE-B_cfg1_VFE-A_cfg1_d1024_e8,variant2,TFE-C_cfg4,AFE-B_cfg1,VFE-A_cfg1,1024,8,1024,1024,2048,15,0.4693,0.5107,0.4965,1696.3,TFE-C,AFE-B,VFE-A,cfg4,cfg1,cfg1,DeBERTa-v3,WavLM-Large,ResNet50,Modality Specialists
variant2_TFE-C_cfg4_AFE-B_cfg1_VFE-A_cfg1_d256_e16,variant2,TFE-C_cfg4,AFE-B_cfg1,VFE-A_cfg1,256,16,1024,1024,2048,10,0.4777,0.5073,0.4859,718.9,TFE-C,AFE-B,VFE-A,cfg4,cfg1,cfg1,DeBERTa-v3,WavLM-Large,ResNet50,Modality Specialists
variant2_TFE-C_cfg4_AFE-B_cfg1_VFE-A_cfg1_d256_e8,variant2,TFE-C_cfg4,AFE-B_cfg1,VFE-A_cfg1,256,8,1024,1024,2048,4,0.4972,0.5398,0.5229,354.0,TFE-C,AFE-B,VFE-A,cfg4,cfg1,cfg1,DeBERTa-v3,WavLM-Large,ResNet50,Modality Specialists
variant2_TFE-C_cfg4_AFE-B_cfg1_VFE-A_cfg1_d512_e16,variant2,TFE-C_cfg4,AFE-B_cfg1,VFE-A_cfg1,512,16,1024,1024,2048,7,0.4789,0.5529,0.515,888.9,TFE-C,AFE-B,VFE-A,cfg4,cfg1,cfg1,DeBERTa-v3,WavLM-Large,ResNet50,Modality Specialists
variant2_TFE-C_cfg4_AFE-B_cfg1_VFE-A_cfg1_d512_e8,variant2,TFE-C_cfg4,AFE-B_cfg1,VFE-A_cfg1,512,8,1024,1024,2048,5,0.4859,0.5356,0.5078,540.6,TFE-C,AFE-B,VFE-A,cfg4,cfg1,cfg1,DeBERTa-v3,WavLM-Large,ResNet50,Modality Specialists
variant2_TFE-D_cfg1_AFE-B_cfg1_VFE-A_cfg1_d1024_e16,variant2,TFE-D_cfg1,AFE-B_cfg1,VFE-A_cfg1,1024,16,1024,1024,2048,9,0.5574,0.6207,0.589,1828.6,TFE-D,AFE-B,VFE-A,cfg1,cfg1,cfg1,BERT-Large,WavLM-Large,ResNet50,Modality Specialists
variant2_TFE-D_cfg1_AFE-B_cfg1_VFE-A_cfg1_d1024_e8,variant2,TFE-D_cfg1,AFE-B_cfg1,VFE-A_cfg1,1024,8,1024,1024,2048,9,0.5475,0.6257,0.6002,1295.6,TFE-D,AFE-B,VFE-A,cfg1,cfg1,cfg1,BERT-Large,WavLM-Large,ResNet50,Modality Specialists
variant2_TFE-D_cfg1_AFE-B_cfg1_VFE-A_cfg1_d256_e16,variant2,TFE-D_cfg1,AFE-B_cfg1,VFE-A_cfg1,256,16,1024,1024,2048,5,0.5769,0.6406,0.6096,545.2,TFE-D,AFE-B,VFE-A,cfg1,cfg1,cfg1,BERT-Large,WavLM-Large,ResNet50,Modality Specialists
variant2_TFE-D_cfg1_AFE-B_cfg1_VFE-A_cfg1_d256_e8,variant2,TFE-D_cfg1,AFE-B_cfg1,VFE-A_cfg1,256,8,1024,1024,2048,3,0.5629,0.6226,0.5887,346.3,TFE-D,AFE-B,VFE-A,cfg1,cfg1,cfg1,BERT-Large,WavLM-Large,ResNet50,Modality Specialists
variant2_TFE-D_cfg1_AFE-B_cfg1_VFE-A_cfg1_d512_e16,variant2,TFE-D_cfg1,AFE-B_cfg1,VFE-A_cfg1,512,16,1024,1024,2048,6,0.5749,0.6192,0.6076,843.5,TFE-D,AFE-B,VFE-A,cfg1,cfg1,cfg1,BERT-Large,WavLM-Large,ResNet50,Modality Specialists
variant2_TFE-D_cfg1_AFE-B_cfg1_VFE-A_cfg1_d512_e8,variant2,TFE-D_cfg1,AFE-B_cfg1,VFE-A_cfg1,512,8,1024,1024,2048,6,0.5655,0.618,0.5976,573.8,TFE-D,AFE-B,VFE-A,cfg1,cfg1,cfg1,BERT-Large,WavLM-Large,ResNet50,Modality Specialists
variant2_TFE-E_cfg1_AFE-B_cfg1_VFE-A_cfg1_d1024_e16,variant2,TFE-E_cfg1,AFE-B_cfg1,VFE-A_cfg1,1024,16,1024,1024,2048,9,0.5289,0.5831,0.5456,1817.9,TFE-E,AFE-B,VFE-A,cfg1,cfg1,cfg1,Electra-Large,WavLM-Large,ResNet50,Modality Specialists
variant2_TFE-E_cfg1_AFE-B_cfg1_VFE-A_cfg1_d1024_e8,variant2,TFE-E_cfg1,AFE-B_cfg1,VFE-A_cfg1,1024,8,1024,1024,2048,11,0.5258,0.5732,0.542,1432.1,TFE-E,AFE-B,VFE-A,cfg1,cfg1,cfg1,Electra-Large,WavLM-Large,ResNet50,Modality Specialists
variant2_TFE-E_cfg1_AFE-B_cfg1_VFE-A_cfg1_d256_e16,variant2,TFE-E_cfg1,AFE-B_cfg1,VFE-A_cfg1,256,16,1024,1024,2048,8,0.537,0.5429,0.5413,652.4,TFE-E,AFE-B,VFE-A,cfg1,cfg1,cfg1,Electra-Large,WavLM-Large,ResNet50,Modality Specialists
variant2_TFE-E_cfg1_AFE-B_cfg1_VFE-A_cfg1_d256_e8,variant2,TFE-E_cfg1,AFE-B_cfg1,VFE-A_cfg1,256,8,1024,1024,2048,4,0.5478,0.5954,0.5711,362.9,TFE-E,AFE-B,VFE-A,cfg1,cfg1,cfg1,Electra-Large,WavLM-Large,ResNet50,Modality Specialists
variant2_TFE-E_cfg1_AFE-B_cfg1_VFE-A_cfg1_d512_e16,variant2,TFE-E_cfg1,AFE-B_cfg1,VFE-A_cfg1,512,16,1024,1024,2048,5,0.5388,0.564,0.5384,783.6,TFE-E,AFE-B,VFE-A,cfg1,cfg1,cfg1,Electra-Large,WavLM-Large,ResNet50,Modality Specialists
variant2_TFE-E_cfg1_AFE-B_cfg1_VFE-A_cfg1_d512_e8,variant2,TFE-E_cfg1,AFE-B_cfg1,VFE-A_cfg1,512,8,1024,1024,2048,6,0.513,0.5759,0.5356,576.9,TFE-E,AFE-B,VFE-A,cfg1,cfg1,cfg1,Electra-Large,WavLM-Large,ResNet50,Modality Specialists
variant3_TFE-A_cfg1_AFE-B_cfg1_VFE-A_cfg1_d1024_e16,variant3,TFE-A_cfg1,AFE-B_cfg1,VFE-A_cfg1,1024,16,768,1024,2048,8,0.5419,0.5502,0.5463,1183.5,TFE-A,AFE-B,VFE-A,cfg1,cfg1,cfg1,RoBERTa-Base,WavLM-Large,ResNet50,Hierarchical MoE
variant3_TFE-A_cfg1_AFE-B_cfg1_VFE-A_cfg1_d1024_e8,variant3,TFE-A_cfg1,AFE-B_cfg1,VFE-A_cfg1,1024,8,768,1024,2048,5,0.5203,0.5812,0.5418,737.9,TFE-A,AFE-B,VFE-A,cfg1,cfg1,cfg1,RoBERTa-Base,WavLM-Large,ResNet50,Hierarchical MoE
variant3_TFE-A_cfg1_AFE-B_cfg1_VFE-A_cfg1_d256_e16,variant3,TFE-A_cfg1,AFE-B_cfg1,VFE-A_cfg1,256,16,768,1024,2048,6,0.5589,0.6088,0.5835,413.9,TFE-A,AFE-B,VFE-A,cfg1,cfg1,cfg1,RoBERTa-Base,WavLM-Large,ResNet50,Hierarchical MoE
variant3_TFE-A_cfg1_AFE-B_cfg1_VFE-A_cfg1_d256_e8,variant3,TFE-A_cfg1,AFE-B_cfg1,VFE-A_cfg1,256,8,768,1024,2048,8,0.5573,0.5996,0.5808,436.2,TFE-A,AFE-B,VFE-A,cfg1,cfg1,cfg1,RoBERTa-Base,WavLM-Large,ResNet50,Hierarchical MoE
variant3_TFE-A_cfg1_AFE-B_cfg1_VFE-A_cfg1_d512_e16,variant3,TFE-A_cfg1,AFE-B_cfg1,VFE-A_cfg1,512,16,768,1024,2048,5,0.5541,0.6226,0.5889,544.6,TFE-A,AFE-B,VFE-A,cfg1,cfg1,cfg1,RoBERTa-Base,WavLM-Large,ResNet50,Hierarchical MoE
variant3_TFE-A_cfg1_AFE-B_cfg1_VFE-A_cfg1_d512_e8,variant3,TFE-A_cfg1,AFE-B_cfg1,VFE-A_cfg1,512,8,768,1024,2048,5,0.5575,0.6172,0.5819,407.8,TFE-A,AFE-B,VFE-A,cfg1,cfg1,cfg1,RoBERTa-Base,WavLM-Large,ResNet50,Hierarchical MoE
variant3_TFE-A_cfg3_AFE-B_cfg3_VFE-A_cfg3_d1024_e16,variant3,TFE-A_cfg3,AFE-B_cfg3,VFE-A_cfg3,1024,16,768,1024,2048,4,0.4659,0.5295,0.4811,936.3,TFE-A,AFE-B,VFE-A,cfg3,cfg3,cfg3,RoBERTa-Base,WavLM-Large,ResNet50,Hierarchical MoE
variant3_TFE-A_cfg3_AFE-B_cfg3_VFE-A_cfg3_d1024_e8,variant3,TFE-A_cfg3,AFE-B_cfg3,VFE-A_cfg3,1024,8,768,1024,2048,5,0.4751,0.5307,0.502,755.1,TFE-A,AFE-B,VFE-A,cfg3,cfg3,cfg3,RoBERTa-Base,WavLM-Large,ResNet50,Hierarchical MoE
variant3_TFE-A_cfg3_AFE-B_cfg3_VFE-A_cfg3_d256_e16,variant3,TFE-A_cfg3,AFE-B_cfg3,VFE-A_cfg3,256,16,768,1024,2048,6,0.5081,0.5648,0.5316,413.5,TFE-A,AFE-B,VFE-A,cfg3,cfg3,cfg3,RoBERTa-Base,WavLM-Large,ResNet50,Hierarchical MoE
variant3_TFE-A_cfg3_AFE-B_cfg3_VFE-A_cfg3_d256_e8,variant3,TFE-A_cfg3,AFE-B_cfg3,VFE-A_cfg3,256,8,768,1024,2048,10,0.5101,0.5295,0.5161,467.3,TFE-A,AFE-B,VFE-A,cfg3,cfg3,cfg3,RoBERTa-Base,WavLM-Large,ResNet50,Hierarchical MoE
variant3_TFE-A_cfg3_AFE-B_cfg3_VFE-A_cfg3_d512_e16,variant3,TFE-A_cfg3,AFE-B_cfg3,VFE-A_cfg3,512,16,768,1024,2048,7,0.5145,0.5801,0.5431,618.5,TFE-A,AFE-B,VFE-A,cfg3,cfg3,cfg3,RoBERTa-Base,WavLM-Large,ResNet50,Hierarchical MoE
variant3_TFE-A_cfg3_AFE-B_cfg3_VFE-A_cfg3_d512_e8,variant3,TFE-A_cfg3,AFE-B_cfg3,VFE-A_cfg3,512,8,768,1024,2048,3,0.5212,0.5724,0.5368,353.2,TFE-A,AFE-B,VFE-A,cfg3,cfg3,cfg3,RoBERTa-Base,WavLM-Large,ResNet50,Hierarchical MoE
variant3_TFE-B_cfg1_AFE-B_cfg1_VFE-A_cfg1_d1024_e16,variant3,TFE-B_cfg1,AFE-B_cfg1,VFE-A_cfg1,1024,16,1024,1024,2048,5,0.5025,0.5498,0.5142,1004.6,TFE-B,AFE-B,VFE-A,cfg1,cfg1,cfg1,RoBERTa-Large,WavLM-Large,ResNet50,Hierarchical MoE
variant3_TFE-B_cfg1_AFE-B_cfg1_VFE-A_cfg1_d1024_e8,variant3,TFE-B_cfg1,AFE-B_cfg1,VFE-A_cfg1,1024,8,1024,1024,2048,4,0.5203,0.5605,0.5364,685.7,TFE-B,AFE-B,VFE-A,cfg1,cfg1,cfg1,RoBERTa-Large,WavLM-Large,ResNet50,Hierarchical MoE
variant3_TFE-B_cfg1_AFE-B_cfg1_VFE-A_cfg1_d256_e16,variant3,TFE-B_cfg1,AFE-B_cfg1,VFE-A_cfg1,256,16,1024,1024,2048,7,0.5362,0.5874,0.5579,460.4,TFE-B,AFE-B,VFE-A,cfg1,cfg1,cfg1,RoBERTa-Large,WavLM-Large,ResNet50,Hierarchical MoE
variant3_TFE-B_cfg1_AFE-B_cfg1_VFE-A_cfg1_d256_e8,variant3,TFE-B_cfg1,AFE-B_cfg1,VFE-A_cfg1,256,8,1024,1024,2048,8,0.5336,0.5544,0.5423,421.4,TFE-B,AFE-B,VFE-A,cfg1,cfg1,cfg1,RoBERTa-Large,WavLM-Large,ResNet50,Hierarchical MoE
variant3_TFE-B_cfg1_AFE-B_cfg1_VFE-A_cfg1_d512_e16,variant3,TFE-B_cfg1,AFE-B_cfg1,VFE-A_cfg1,512,16,1024,1024,2048,6,0.5244,0.5851,0.5576,575.9,TFE-B,AFE-B,VFE-A,cfg1,cfg1,cfg1,RoBERTa-Large,WavLM-Large,ResNet50,Hierarchical MoE
variant3_TFE-B_cfg1_AFE-B_cfg1_VFE-A_cfg1_d512_e8,variant3,TFE-B_cfg1,AFE-B_cfg1,VFE-A_cfg1,512,8,1024,1024,2048,6,0.5273,0.5724,0.5524,437.6,TFE-B,AFE-B,VFE-A,cfg1,cfg1,cfg1,RoBERTa-Large,WavLM-Large,ResNet50,Hierarchical MoE
variant3_TFE-B_cfg3_AFE-B_cfg3_VFE-A_cfg3_d1024_e16,variant3,TFE-B_cfg3,AFE-B_cfg3,VFE-A_cfg3,1024,16,1024,1024,2048,3,0.4372,0.531,0.4632,876.2,TFE-B,AFE-B,VFE-A,cfg3,cfg3,cfg3,RoBERTa-Large,WavLM-Large,ResNet50,Hierarchical MoE
variant3_TFE-B_cfg3_AFE-B_cfg3_VFE-A_cfg3_d1024_e8,variant3,TFE-B_cfg3,AFE-B_cfg3,VFE-A_cfg3,1024,8,1024,1024,2048,6,0.5229,0.5525,0.5308,799.0,TFE-B,AFE-B,VFE-A,cfg3,cfg3,cfg3,RoBERTa-Large,WavLM-Large,ResNet50,Hierarchical MoE
variant3_TFE-B_cfg3_AFE-B_cfg3_VFE-A_cfg3_d256_e16,variant3,TFE-B_cfg3,AFE-B_cfg3,VFE-A_cfg3,256,16,1024,1024,2048,5,0.5235,0.5663,0.5368,388.5,TFE-B,AFE-B,VFE-A,cfg3,cfg3,cfg3,RoBERTa-Large,WavLM-Large,ResNet50,Hierarchical MoE
variant3_TFE-B_cfg3_AFE-B_cfg3_VFE-A_cfg3_d256_e8,variant3,TFE-B_cfg3,AFE-B_cfg3,VFE-A_cfg3,256,8,1024,1024,2048,4,0.5096,0.5789,0.5323,360.6,TFE-B,AFE-B,VFE-A,cfg3,cfg3,cfg3,RoBERTa-Large,WavLM-Large,ResNet50,Hierarchical MoE
variant3_TFE-B_cfg3_AFE-B_cfg3_VFE-A_cfg3_d512_e16,variant3,TFE-B_cfg3,AFE-B_cfg3,VFE-A_cfg3,512,16,1024,1024,2048,7,0.5117,0.5579,0.5295,633.9,TFE-B,AFE-B,VFE-A,cfg3,cfg3,cfg3,RoBERTa-Large,WavLM-Large,ResNet50,Hierarchical MoE
variant3_TFE-B_cfg3_AFE-B_cfg3_VFE-A_cfg3_d512_e8,variant3,TFE-B_cfg3,AFE-B_cfg3,VFE-A_cfg3,512,8,1024,1024,2048,11,0.5204,0.518,0.5121,598.4,TFE-B,AFE-B,VFE-A,cfg3,cfg3,cfg3,RoBERTa-Large,WavLM-Large,ResNet50,Hierarchical MoE
variant3_TFE-C_cfg1_AFE-B_cfg1_VFE-A_cfg1_d1024_e16,variant3,TFE-C_cfg1,AFE-B_cfg1,VFE-A_cfg1,1024,16,1024,1024,2048,4,0.423,0.5157,0.464,931.6,TFE-C,AFE-B,VFE-A,cfg1,cfg1,cfg1,DeBERTa-v3,WavLM-Large,ResNet50,Hierarchical MoE
variant3_TFE-C_cfg1_AFE-B_cfg1_VFE-A_cfg1_d1024_e8,variant3,TFE-C_cfg1,AFE-B_cfg1,VFE-A_cfg1,1024,8,1024,1024,2048,13,0.4309,0.4295,0.4245,1161.8,TFE-C,AFE-B,VFE-A,cfg1,cfg1,cfg1,DeBERTa-v3,WavLM-Large,ResNet50,Hierarchical MoE
variant3_TFE-C_cfg1_AFE-B_cfg1_VFE-A_cfg1_d256_e16,variant3,TFE-C_cfg1,AFE-B_cfg1,VFE-A_cfg1,256,16,1024,1024,2048,4,0.4508,0.4966,0.4682,363.1,TFE-C,AFE-B,VFE-A,cfg1,cfg1,cfg1,DeBERTa-v3,WavLM-Large,ResNet50,Hierarchical MoE
variant3_TFE-C_cfg1_AFE-B_cfg1_VFE-A_cfg1_d256_e8,variant3,TFE-C_cfg1,AFE-B_cfg1,VFE-A_cfg1,256,8,1024,1024,2048,3,0.4509,0.5245,0.4757,290.2,TFE-C,AFE-B,VFE-A,cfg1,cfg1,cfg1,DeBERTa-v3,WavLM-Large,ResNet50,Hierarchical MoE
variant3_TFE-C_cfg1_AFE-B_cfg1_VFE-A_cfg1_d512_e16,variant3,TFE-C_cfg1,AFE-B_cfg1,VFE-A_cfg1,512,16,1024,1024,2048,6,0.4461,0.4908,0.4559,609.7,TFE-C,AFE-B,VFE-A,cfg1,cfg1,cfg1,DeBERTa-v3,WavLM-Large,ResNet50,Hierarchical MoE
variant3_TFE-C_cfg1_AFE-B_cfg1_VFE-A_cfg1_d512_e8,variant3,TFE-C_cfg1,AFE-B_cfg1,VFE-A_cfg1,512,8,1024,1024,2048,5,0.4335,0.4912,0.4574,439.5,TFE-C,AFE-B,VFE-A,cfg1,cfg1,cfg1,DeBERTa-v3,WavLM-Large,ResNet50,Hierarchical MoE
variant3_TFE-C_cfg1_AFE-B_cfg1_VFE-B_cfg1_d1024_e16,variant3,TFE-C_cfg1,AFE-B_cfg1,VFE-B_cfg1,1024,16,1024,1024,1792,2,0.4356,0.5103,0.451,808.9,TFE-C,AFE-B,VFE-B,cfg1,cfg1,cfg1,DeBERTa-v3,WavLM-Large,VFE-B-1792,Hierarchical MoE
variant3_TFE-C_cfg1_AFE-B_cfg1_VFE-B_cfg1_d1024_e8,variant3,TFE-C_cfg1,AFE-B_cfg1,VFE-B_cfg1,1024,8,1024,1024,1792,4,0.4348,0.5042,0.4665,699.8,TFE-C,AFE-B,VFE-B,cfg1,cfg1,cfg1,DeBERTa-v3,WavLM-Large,VFE-B-1792,Hierarchical MoE
variant3_TFE-C_cfg1_AFE-B_cfg1_VFE-B_cfg1_d256_e16,variant3,TFE-C_cfg1,AFE-B_cfg1,VFE-B_cfg1,256,16,1024,1024,1792,10,0.4551,0.487,0.4477,541.9,TFE-C,AFE-B,VFE-B,cfg1,cfg1,cfg1,DeBERTa-v3,WavLM-Large,VFE-B-1792,Hierarchical MoE
variant3_TFE-C_cfg1_AFE-B_cfg1_VFE-B_cfg1_d256_e8,variant3,TFE-C_cfg1,AFE-B_cfg1,VFE-B_cfg1,256,8,1024,1024,1792,8,0.4465,0.487,0.4646,421.0,TFE-C,AFE-B,VFE-B,cfg1,cfg1,cfg1,DeBERTa-v3,WavLM-Large,VFE-B-1792,Hierarchical MoE
variant3_TFE-C_cfg1_AFE-B_cfg1_VFE-B_cfg1_d512_e16,variant3,TFE-C_cfg1,AFE-B_cfg1,VFE-B_cfg1,512,16,1024,1024,1792,5,0.4435,0.4943,0.4593,573.3,TFE-C,AFE-B,VFE-B,cfg1,cfg1,cfg1,DeBERTa-v3,WavLM-Large,VFE-B-1792,Hierarchical MoE
variant3_TFE-C_cfg1_AFE-B_cfg1_VFE-B_cfg1_d512_e8,variant3,TFE-C_cfg1,AFE-B_cfg1,VFE-B_cfg1,512,8,1024,1024,1792,8,0.445,0.4778,0.4488,529.4,TFE-C,AFE-B,VFE-B,cfg1,cfg1,cfg1,DeBERTa-v3,WavLM-Large,VFE-B-1792,Hierarchical MoE
variant3_TFE-C_cfg1_AFE-C_cfg1_VFE-A_cfg1_d1024_e16,variant3,TFE-C_cfg1,AFE-C_cfg1,VFE-A_cfg1,1024,16,1024,1024,2048,17,0.3014,0.333,0.3205,1743.0,TFE-C,AFE-C,VFE-A,cfg1,cfg1,cfg1,DeBERTa-v3,AFE-C-1024,ResNet50,Hierarchical MoE
variant3_TFE-C_cfg1_AFE-C_cfg1_VFE-A_cfg1_d1024_e8,variant3,TFE-C_cfg1,AFE-C_cfg1,VFE-A_cfg1,1024,8,1024,1024,2048,17,0.3248,0.3866,0.3637,1322.6,TFE-C,AFE-C,VFE-A,cfg1,cfg1,cfg1,DeBERTa-v3,AFE-C-1024,ResNet50,Hierarchical MoE
variant3_TFE-C_cfg1_AFE-C_cfg1_VFE-A_cfg1_d256_e16,variant3,TFE-C_cfg1,AFE-C_cfg1,VFE-A_cfg1,256,16,1024,1024,2048,12,0.3319,0.3831,0.3307,576.9,TFE-C,AFE-C,VFE-A,cfg1,cfg1,cfg1,DeBERTa-v3,AFE-C-1024,ResNet50,Hierarchical MoE
variant3_TFE-C_cfg1_AFE-C_cfg1_VFE-A_cfg1_d256_e8,variant3,TFE-C_cfg1,AFE-C_cfg1,VFE-A_cfg1,256,8,1024,1024,2048,15,0.3387,0.3747,0.3426,628.3,TFE-C,AFE-C,VFE-A,cfg1,cfg1,cfg1,DeBERTa-v3,AFE-C-1024,ResNet50,Hierarchical MoE
variant3_TFE-C_cfg1_AFE-C_cfg1_VFE-A_cfg1_d512_e16,variant3,TFE-C_cfg1,AFE-C_cfg1,VFE-A_cfg1,512,16,1024,1024,2048,23,0.3133,0.3563,0.3426,1081.0,TFE-C,AFE-C,VFE-A,cfg1,cfg1,cfg1,DeBERTa-v3,AFE-C-1024,ResNet50,Hierarchical MoE
variant3_TFE-C_cfg1_AFE-C_cfg1_VFE-A_cfg1_d512_e8,variant3,TFE-C_cfg1,AFE-C_cfg1,VFE-A_cfg1,512,8,1024,1024,2048,10,0.3238,0.3751,0.3478,539.8,TFE-C,AFE-C,VFE-A,cfg1,cfg1,cfg1,DeBERTa-v3,AFE-C-1024,ResNet50,Hierarchical MoE
variant3_TFE-C_cfg3_AFE-B_cfg3_VFE-A_cfg3_d1024_e16,variant3,TFE-C_cfg3,AFE-B_cfg3,VFE-A_cfg3,1024,16,1024,1024,2048,13,0.4413,0.4433,0.4284,1556.9,TFE-C,AFE-B,VFE-A,cfg3,cfg3,cfg3,DeBERTa-v3,WavLM-Large,ResNet50,Hierarchical MoE
variant3_TFE-C_cfg3_AFE-B_cfg3_VFE-A_cfg3_d1024_e8,variant3,TFE-C_cfg3,AFE-B_cfg3,VFE-A_cfg3,1024,8,1024,1024,2048,4,0.434,0.4808,0.4548,704.3,TFE-C,AFE-B,VFE-A,cfg3,cfg3,cfg3,DeBERTa-v3,WavLM-Large,ResNet50,Hierarchical MoE
variant3_TFE-C_cfg3_AFE-B_cfg3_VFE-A_cfg3_d256_e16,variant3,TFE-C_cfg3,AFE-B_cfg3,VFE-A_cfg3,256,16,1024,1024,2048,5,0.4538,0.5429,0.4898,389.6,TFE-C,AFE-B,VFE-A,cfg3,cfg3,cfg3,DeBERTa-v3,WavLM-Large,ResNet50,Hierarchical MoE
variant3_TFE-C_cfg3_AFE-B_cfg3_VFE-A_cfg3_d256_e8,variant3,TFE-C_cfg3,AFE-B_cfg3,VFE-A_cfg3,256,8,1024,1024,2048,6,0.4528,0.5142,0.4781,391.9,TFE-C,AFE-B,VFE-A,cfg3,cfg3,cfg3,DeBERTa-v3,WavLM-Large,ResNet50,Hierarchical MoE
variant3_TFE-C_cfg3_AFE-B_cfg3_VFE-A_cfg3_d512_e16,variant3,TFE-C_cfg3,AFE-B_cfg3,VFE-A_cfg3,512,16,1024,1024,2048,6,0.4429,0.5061,0.4648,607.9,TFE-C,AFE-B,VFE-A,cfg3,cfg3,cfg3,DeBERTa-v3,WavLM-Large,ResNet50,Hierarchical MoE
variant3_TFE-C_cfg3_AFE-B_cfg3_VFE-A_cfg3_d512_e8,variant3,TFE-C_cfg3,AFE-B_cfg3,VFE-A_cfg3,512,8,1024,1024,2048,5,0.4433,0.5146,0.4795,410.2,TFE-C,AFE-B,VFE-A,cfg3,cfg3,cfg3,DeBERTa-v3,WavLM-Large,ResNet50,Hierarchical MoE
variant3_TFE-C_cfg4_AFE-B_cfg1_VFE-A_cfg1_d1024_e16,variant3,TFE-C_cfg4,AFE-B_cfg1,VFE-A_cfg1,1024,16,1024,1024,2048,3,0.4447,0.5073,0.4657,867.2,TFE-C,AFE-B,VFE-A,cfg4,cfg1,cfg1,DeBERTa-v3,WavLM-Large,ResNet50,Hierarchical MoE
variant3_TFE-C_cfg4_AFE-B_cfg1_VFE-A_cfg1_d1024_e8,variant3,TFE-C_cfg4,AFE-B_cfg1,VFE-A_cfg1,1024,8,1024,1024,2048,7,0.4982,0.4973,0.4908,849.9,TFE-C,AFE-B,VFE-A,cfg4,cfg1,cfg1,DeBERTa-v3,WavLM-Large,ResNet50,Hierarchical MoE
variant3_TFE-C_cfg4_AFE-B_cfg1_VFE-A_cfg1_d256_e16,variant3,TFE-C_cfg4,AFE-B_cfg1,VFE-A_cfg1,256,16,1024,1024,2048,6,0.4933,0.5375,0.5183,418.5,TFE-C,AFE-B,VFE-A,cfg4,cfg1,cfg1,DeBERTa-v3,WavLM-Large,ResNet50,Hierarchical MoE
variant3_TFE-C_cfg4_AFE-B_cfg1_VFE-A_cfg1_d256_e8,variant3,TFE-C_cfg4,AFE-B_cfg1,VFE-A_cfg1,256,8,1024,1024,2048,6,0.4888,0.5379,0.508,381.2,TFE-C,AFE-B,VFE-A,cfg4,cfg1,cfg1,DeBERTa-v3,WavLM-Large,ResNet50,Hierarchical MoE
variant3_TFE-C_cfg4_AFE-B_cfg1_VFE-A_cfg1_d512_e16,variant3,TFE-C_cfg4,AFE-B_cfg1,VFE-A_cfg1,512,16,1024,1024,2048,4,0.4939,0.551,0.5235,511.1,TFE-C,AFE-B,VFE-A,cfg4,cfg1,cfg1,DeBERTa-v3,WavLM-Large,ResNet50,Hierarchical MoE
variant3_TFE-C_cfg4_AFE-B_cfg1_VFE-A_cfg1_d512_e8,variant3,TFE-C_cfg4,AFE-B_cfg1,VFE-A_cfg1,512,8,1024,1024,2048,5,0.4893,0.5421,0.5015,410.6,TFE-C,AFE-B,VFE-A,cfg4,cfg1,cfg1,DeBERTa-v3,WavLM-Large,ResNet50,Hierarchical MoE
variant3_TFE-D_cfg1_AFE-B_cfg1_VFE-A_cfg1_d1024_e16,variant3,TFE-D_cfg1,AFE-B_cfg1,VFE-A_cfg1,1024,16,1024,1024,2048,5,0.5558,0.6149,0.5947,1004.1,TFE-D,AFE-B,VFE-A,cfg1,cfg1,cfg1,BERT-Large,WavLM-Large,ResNet50,Hierarchical MoE
variant3_TFE-D_cfg1_AFE-B_cfg1_VFE-A_cfg1_d1024_e8,variant3,TFE-D_cfg1,AFE-B_cfg1,VFE-A_cfg1,1024,8,1024,1024,2048,6,0.5569,0.5958,0.5808,790.9,TFE-D,AFE-B,VFE-A,cfg1,cfg1,cfg1,BERT-Large,WavLM-Large,ResNet50,Hierarchical MoE
variant3_TFE-D_cfg1_AFE-B_cfg1_VFE-A_cfg1_d256_e16,variant3,TFE-D_cfg1,AFE-B_cfg1,VFE-A_cfg1,256,16,1024,1024,2048,6,0.5751,0.6387,0.6208,418.2,TFE-D,AFE-B,VFE-A,cfg1,cfg1,cfg1,BERT-Large,WavLM-Large,ResNet50,Hierarchical MoE
variant3_TFE-D_cfg1_AFE-B_cfg1_VFE-A_cfg1_d256_e8,variant3,TFE-D_cfg1,AFE-B_cfg1,VFE-A_cfg1,256,8,1024,1024,2048,7,0.583,0.5981,0.5902,415.4,TFE-D,AFE-B,VFE-A,cfg1,cfg1,cfg1,BERT-Large,WavLM-Large,ResNet50,Hierarchical MoE
variant3_TFE-D_cfg1_AFE-B_cfg1_VFE-A_cfg1_d512_e16,variant3,TFE-D_cfg1,AFE-B_cfg1,VFE-A_cfg1,512,16,1024,1024,2048,7,0.5764,0.6115,0.5945,639.5,TFE-D,AFE-B,VFE-A,cfg1,cfg1,cfg1,BERT-Large,WavLM-Large,ResNet50,Hierarchical MoE
variant3_TFE-D_cfg1_AFE-B_cfg1_VFE-A_cfg1_d512_e8,variant3,TFE-D_cfg1,AFE-B_cfg1,VFE-A_cfg1,512,8,1024,1024,2048,6,0.5719,0.613,0.6049,445.0,TFE-D,AFE-B,VFE-A,cfg1,cfg1,cfg1,BERT-Large,WavLM-Large,ResNet50,Hierarchical MoE
variant3_TFE-E_cfg1_AFE-B_cfg1_VFE-A_cfg1_d1024_e16,variant3,TFE-E_cfg1,AFE-B_cfg1,VFE-A_cfg1,1024,16,1024,1024,2048,9,0.5294,0.5467,0.5397,1252.4,TFE-E,AFE-B,VFE-A,cfg1,cfg1,cfg1,Electra-Large,WavLM-Large,ResNet50,Hierarchical MoE
variant3_TFE-E_cfg1_AFE-B_cfg1_VFE-A_cfg1_d1024_e8,variant3,TFE-E_cfg1,AFE-B_cfg1,VFE-A_cfg1,1024,8,1024,1024,2048,22,0.5278,0.551,0.5307,1507.4,TFE-E,AFE-B,VFE-A,cfg1,cfg1,cfg1,Electra-Large,WavLM-Large,ResNet50,Hierarchical MoE
variant3_TFE-E_cfg1_AFE-B_cfg1_VFE-A_cfg1_d256_e16,variant3,TFE-E_cfg1,AFE-B_cfg1,VFE-A_cfg1,256,16,1024,1024,2048,6,0.5659,0.6084,0.5721,413.1,TFE-E,AFE-B,VFE-A,cfg1,cfg1,cfg1,Electra-Large,WavLM-Large,ResNet50,Hierarchical MoE
variant3_TFE-E_cfg1_AFE-B_cfg1_VFE-A_cfg1_d256_e8,variant3,TFE-E_cfg1,AFE-B_cfg1,VFE-A_cfg1,256,8,1024,1024,2048,7,0.5529,0.5973,0.5577,410.1,TFE-E,AFE-B,VFE-A,cfg1,cfg1,cfg1,Electra-Large,WavLM-Large,ResNet50,Hierarchical MoE
variant3_TFE-E_cfg1_AFE-B_cfg1_VFE-A_cfg1_d512_e16,variant3,TFE-E_cfg1,AFE-B_cfg1,VFE-A_cfg1,512,16,1024,1024,2048,4,0.5138,0.5958,0.5415,507.8,TFE-E,AFE-B,VFE-A,cfg1,cfg1,cfg1,Electra-Large,WavLM-Large,ResNet50,Hierarchical MoE
variant3_TFE-E_cfg1_AFE-B_cfg1_VFE-A_cfg1_d512_e8,variant3,TFE-E_cfg1,AFE-B_cfg1,VFE-A_cfg1,512,8,1024,1024,2048,7,0.528,0.5816,0.5519,470.8,TFE-E,AFE-B,VFE-A,cfg1,cfg1,cfg1,Electra-Large,WavLM-Large,ResNet50,Hierarchical MoE
variant4_TFE-A_cfg1_AFE-B_cfg1_VFE-A_cfg1_d1024_e16,variant4,TFE-A_cfg1,AFE-B_cfg1,VFE-A_cfg1,1024,16,768,1024,2048,6,0.5563,0.6169,0.5853,521.1,TFE-A,AFE-B,VFE-A,cfg1,cfg1,cfg1,RoBERTa-Base,WavLM-Large,ResNet50,Context Conditioned
variant4_TFE-A_cfg1_AFE-B_cfg1_VFE-A_cfg1_d1024_e8,variant4,TFE-A_cfg1,AFE-B_cfg1,VFE-A_cfg1,1024,8,768,1024,2048,9,0.5336,0.6004,0.5746,678.5,TFE-A,AFE-B,VFE-A,cfg1,cfg1,cfg1,RoBERTa-Base,WavLM-Large,ResNet50,Context Conditioned
variant4_TFE-A_cfg1_AFE-B_cfg1_VFE-A_cfg1_d256_e16,variant4,TFE-A_cfg1,AFE-B_cfg1,VFE-A_cfg1,256,16,768,1024,2048,4,0.5311,0.618,0.5772,261.7,TFE-A,AFE-B,VFE-A,cfg1,cfg1,cfg1,RoBERTa-Base,WavLM-Large,ResNet50,Context Conditioned
variant4_TFE-A_cfg1_AFE-B_cfg1_VFE-A_cfg1_d256_e8,variant4,TFE-A_cfg1,AFE-B_cfg1,VFE-A_cfg1,256,8,768,1024,2048,6,0.538,0.5854,0.5678,283.0,TFE-A,AFE-B,VFE-A,cfg1,cfg1,cfg1,RoBERTa-Base,WavLM-Large,ResNet50,Context Conditioned
variant4_TFE-A_cfg1_AFE-B_cfg1_VFE-A_cfg1_d512_e16,variant4,TFE-A_cfg1,AFE-B_cfg1,VFE-A_cfg1,512,16,768,1024,2048,5,0.554,0.6042,0.5705,281.5,TFE-A,AFE-B,VFE-A,cfg1,cfg1,cfg1,RoBERTa-Base,WavLM-Large,ResNet50,Context Conditioned
variant4_TFE-A_cfg1_AFE-B_cfg1_VFE-A_cfg1_d512_e8,variant4,TFE-A_cfg1,AFE-B_cfg1,VFE-A_cfg1,512,8,768,1024,2048,5,0.5575,0.5774,0.5697,266.2,TFE-A,AFE-B,VFE-A,cfg1,cfg1,cfg1,RoBERTa-Base,WavLM-Large,ResNet50,Context Conditioned
variant4_TFE-A_cfg3_AFE-B_cfg3_VFE-A_cfg3_d1024_e16,variant4,TFE-A_cfg3,AFE-B_cfg3,VFE-A_cfg3,1024,16,768,1024,2048,10,0.49,0.5402,0.4988,645.5,TFE-A,AFE-B,VFE-A,cfg3,cfg3,cfg3,RoBERTa-Base,WavLM-Large,ResNet50,Context Conditioned
variant4_TFE-A_cfg3_AFE-B_cfg3_VFE-A_cfg3_d1024_e8,variant4,TFE-A_cfg3,AFE-B_cfg3,VFE-A_cfg3,1024,8,768,1024,2048,12,0.4859,0.5307,0.4946,770.8,TFE-A,AFE-B,VFE-A,cfg3,cfg3,cfg3,RoBERTa-Base,WavLM-Large,ResNet50,Context Conditioned
variant4_TFE-A_cfg3_AFE-B_cfg3_VFE-A_cfg3_d256_e16,variant4,TFE-A_cfg3,AFE-B_cfg3,VFE-A_cfg3,256,16,768,1024,2048,7,0.5018,0.5444,0.5189,311.9,TFE-A,AFE-B,VFE-A,cfg3,cfg3,cfg3,RoBERTa-Base,WavLM-Large,ResNet50,Context Conditioned
variant4_TFE-A_cfg3_AFE-B_cfg3_VFE-A_cfg3_d256_e8,variant4,TFE-A_cfg3,AFE-B_cfg3,VFE-A_cfg3,256,8,768,1024,2048,9,0.4968,0.5149,0.4976,336.5,TFE-A,AFE-B,VFE-A,cfg3,cfg3,cfg3,RoBERTa-Base,WavLM-Large,ResNet50,Context Conditioned
variant4_TFE-A_cfg3_AFE-B_cfg3_VFE-A_cfg3_d512_e16,variant4,TFE-A_cfg3,AFE-B_cfg3,VFE-A_cfg3,512,16,768,1024,2048,4,0.496,0.5548,0.5217,256.0,TFE-A,AFE-B,VFE-A,cfg3,cfg3,cfg3,RoBERTa-Base,WavLM-Large,ResNet50,Context Conditioned
variant4_TFE-A_cfg3_AFE-B_cfg3_VFE-A_cfg3_d512_e8,variant4,TFE-A_cfg3,AFE-B_cfg3,VFE-A_cfg3,512,8,768,1024,2048,7,0.4894,0.5272,0.5173,294.0,TFE-A,AFE-B,VFE-A,cfg3,cfg3,cfg3,RoBERTa-Base,WavLM-Large,ResNet50,Context Conditioned
variant4_TFE-B_cfg1_AFE-B_cfg1_VFE-A_cfg1_d1024_e16,variant4,TFE-B_cfg1,AFE-B_cfg1,VFE-A_cfg1,1024,16,1024,1024,2048,10,0.5442,0.5969,0.5738,716.4,TFE-B,AFE-B,VFE-A,cfg1,cfg1,cfg1,RoBERTa-Large,WavLM-Large,ResNet50,Context Conditioned
variant4_TFE-B_cfg1_AFE-B_cfg1_VFE-A_cfg1_d1024_e8,variant4,TFE-B_cfg1,AFE-B_cfg1,VFE-A_cfg1,1024,8,1024,1024,2048,9,0.5378,0.5943,0.562,703.1,TFE-B,AFE-B,VFE-A,cfg1,cfg1,cfg1,RoBERTa-Large,WavLM-Large,ResNet50,Context Conditioned
variant4_TFE-B_cfg1_AFE-B_cfg1_VFE-A_cfg1_d256_e16,variant4,TFE-B_cfg1,AFE-B_cfg1,VFE-A_cfg1,256,16,1024,1024,2048,16,0.5191,0.5732,0.5392,552.6,TFE-B,AFE-B,VFE-A,cfg1,cfg1,cfg1,RoBERTa-Large,WavLM-Large,ResNet50,Context Conditioned
variant4_TFE-B_cfg1_AFE-B_cfg1_VFE-A_cfg1_d256_e8,variant4,TFE-B_cfg1,AFE-B_cfg1,VFE-A_cfg1,256,8,1024,1024,2048,11,0.5205,0.5728,0.5297,394.3,TFE-B,AFE-B,VFE-A,cfg1,cfg1,cfg1,RoBERTa-Large,WavLM-Large,ResNet50,Context Conditioned
variant4_TFE-B_cfg1_AFE-B_cfg1_VFE-A_cfg1_d512_e16,variant4,TFE-B_cfg1,AFE-B_cfg1,VFE-A_cfg1,512,16,1024,1024,2048,12,0.527,0.5506,0.5445,441.0,TFE-B,AFE-B,VFE-A,cfg1,cfg1,cfg1,RoBERTa-Large,WavLM-Large,ResNet50,Context Conditioned
variant4_TFE-B_cfg1_AFE-B_cfg1_VFE-A_cfg1_d512_e8,variant4,TFE-B_cfg1,AFE-B_cfg1,VFE-A_cfg1,512,8,1024,1024,2048,10,0.548,0.5843,0.5661,369.7,TFE-B,AFE-B,VFE-A,cfg1,cfg1,cfg1,RoBERTa-Large,WavLM-Large,ResNet50,Context Conditioned
variant4_TFE-B_cfg3_AFE-B_cfg3_VFE-A_cfg3_d1024_e16,variant4,TFE-B_cfg3,AFE-B_cfg3,VFE-A_cfg3,1024,16,1024,1024,2048,15,0.4622,0.5042,0.4704,869.3,TFE-B,AFE-B,VFE-A,cfg3,cfg3,cfg3,RoBERTa-Large,WavLM-Large,ResNet50,Context Conditioned
variant4_TFE-B_cfg3_AFE-B_cfg3_VFE-A_cfg3_d1024_e8,variant4,TFE-B_cfg3,AFE-B_cfg3,VFE-A_cfg3,1024,8,1024,1024,2048,11,0.4824,0.5004,0.4805,792.0,TFE-B,AFE-B,VFE-A,cfg3,cfg3,cfg3,RoBERTa-Large,WavLM-Large,ResNet50,Context Conditioned
variant4_TFE-B_cfg3_AFE-B_cfg3_VFE-A_cfg3_d256_e16,variant4,TFE-B_cfg3,AFE-B_cfg3,VFE-A_cfg3,256,16,1024,1024,2048,5,0.4943,0.5686,0.5121,276.4,TFE-B,AFE-B,VFE-A,cfg3,cfg3,cfg3,RoBERTa-Large,WavLM-Large,ResNet50,Context Conditioned
variant4_TFE-B_cfg3_AFE-B_cfg3_VFE-A_cfg3_d256_e8,variant4,TFE-B_cfg3,AFE-B_cfg3,VFE-A_cfg3,256,8,1024,1024,2048,6,0.5097,0.5295,0.5092,281.5,TFE-B,AFE-B,VFE-A,cfg3,cfg3,cfg3,RoBERTa-Large,WavLM-Large,ResNet50,Context Conditioned
variant4_TFE-B_cfg3_AFE-B_cfg3_VFE-A_cfg3_d512_e16,variant4,TFE-B_cfg3,AFE-B_cfg3,VFE-A_cfg3,512,16,1024,1024,2048,5,0.4952,0.546,0.512,291.7,TFE-B,AFE-B,VFE-A,cfg3,cfg3,cfg3,RoBERTa-Large,WavLM-Large,ResNet50,Context Conditioned
variant4_TFE-B_cfg3_AFE-B_cfg3_VFE-A_cfg3_d512_e8,variant4,TFE-B_cfg3,AFE-B_cfg3,VFE-A_cfg3,512,8,1024,1024,2048,10,0.4965,0.5284,0.5149,389.8,TFE-B,AFE-B,VFE-A,cfg3,cfg3,cfg3,RoBERTa-Large,WavLM-Large,ResNet50,Context Conditioned
variant4_TFE-C_cfg1_AFE-B_cfg1_VFE-A_cfg1_d1024_e16,variant4,TFE-C_cfg1,AFE-B_cfg1,VFE-A_cfg1,1024,16,1024,1024,2048,12,0.4582,0.5061,0.4793,813.4,TFE-C,AFE-B,VFE-A,cfg1,cfg1,cfg1,DeBERTa-v3,WavLM-Large,ResNet50,Context Conditioned
variant4_TFE-C_cfg1_AFE-B_cfg1_VFE-A_cfg1_d1024_e8,variant4,TFE-C_cfg1,AFE-B_cfg1,VFE-A_cfg1,1024,8,1024,1024,2048,7,0.4509,0.4969,0.4603,547.1,TFE-C,AFE-B,VFE-A,cfg1,cfg1,cfg1,DeBERTa-v3,WavLM-Large,ResNet50,Context Conditioned
variant4_TFE-C_cfg1_AFE-B_cfg1_VFE-A_cfg1_d256_e16,variant4,TFE-C_cfg1,AFE-B_cfg1,VFE-A_cfg1,256,16,1024,1024,2048,7,0.4471,0.4977,0.474,330.9,TFE-C,AFE-B,VFE-A,cfg1,cfg1,cfg1,DeBERTa-v3,WavLM-Large,ResNet50,Context Conditioned
variant4_TFE-C_cfg1_AFE-B_cfg1_VFE-A_cfg1_d256_e8,variant4,TFE-C_cfg1,AFE-B_cfg1,VFE-A_cfg1,256,8,1024,1024,2048,6,0.4536,0.5149,0.4747,297.3,TFE-C,AFE-B,VFE-A,cfg1,cfg1,cfg1,DeBERTa-v3,WavLM-Large,ResNet50,Context Conditioned
variant4_TFE-C_cfg1_AFE-B_cfg1_VFE-A_cfg1_d512_e16,variant4,TFE-C_cfg1,AFE-B_cfg1,VFE-A_cfg1,512,16,1024,1024,2048,14,0.4552,0.5034,0.4645,495.7,TFE-C,AFE-B,VFE-A,cfg1,cfg1,cfg1,DeBERTa-v3,WavLM-Large,ResNet50,Context Conditioned
variant4_TFE-C_cfg1_AFE-B_cfg1_VFE-A_cfg1_d512_e8,variant4,TFE-C_cfg1,AFE-B_cfg1,VFE-A_cfg1,512,8,1024,1024,2048,25,0.4527,0.4824,0.4521,609.1,TFE-C,AFE-B,VFE-A,cfg1,cfg1,cfg1,DeBERTa-v3,WavLM-Large,ResNet50,Context Conditioned
variant4_TFE-C_cfg1_AFE-B_cfg1_VFE-B_cfg1_d1024_e16,variant4,TFE-C_cfg1,AFE-B_cfg1,VFE-B_cfg1,1024,16,1024,1024,1792,11,0.4589,0.5123,0.4853,785.5,TFE-C,AFE-B,VFE-B,cfg1,cfg1,cfg1,DeBERTa-v3,WavLM-Large,VFE-B-1792,Context Conditioned
variant4_TFE-C_cfg1_AFE-B_cfg1_VFE-B_cfg1_d1024_e8,variant4,TFE-C_cfg1,AFE-B_cfg1,VFE-B_cfg1,1024,8,1024,1024,1792,16,0.4577,0.4908,0.4577,919.2,TFE-C,AFE-B,VFE-B,cfg1,cfg1,cfg1,DeBERTa-v3,WavLM-Large,VFE-B-1792,Context Conditioned
variant4_TFE-C_cfg1_AFE-B_cfg1_VFE-B_cfg1_d256_e16,variant4,TFE-C_cfg1,AFE-B_cfg1,VFE-B_cfg1,256,16,1024,1024,1792,4,0.4576,0.5084,0.4629,273.1,TFE-C,AFE-B,VFE-B,cfg1,cfg1,cfg1,DeBERTa-v3,WavLM-Large,VFE-B-1792,Context Conditioned
variant4_TFE-C_cfg1_AFE-B_cfg1_VFE-B_cfg1_d256_e8,variant4,TFE-C_cfg1,AFE-B_cfg1,VFE-B_cfg1,256,8,1024,1024,1792,9,0.449,0.4544,0.4449,351.4,TFE-C,AFE-B,VFE-B,cfg1,cfg1,cfg1,DeBERTa-v3,WavLM-Large,VFE-B-1792,Context Conditioned
variant4_TFE-C_cfg1_AFE-B_cfg1_VFE-B_cfg1_d512_e16,variant4,TFE-C_cfg1,AFE-B_cfg1,VFE-B_cfg1,512,16,1024,1024,1792,19,0.4502,0.4609,0.4411,697.8,TFE-C,AFE-B,VFE-B,cfg1,cfg1,cfg1,DeBERTa-v3,WavLM-Large,VFE-B-1792,Context Conditioned
variant4_TFE-C_cfg1_AFE-B_cfg1_VFE-B_cfg1_d512_e8,variant4,TFE-C_cfg1,AFE-B_cfg1,VFE-B_cfg1,512,8,1024,1024,1792,10,0.4541,0.4943,0.4595,362.4,TFE-C,AFE-B,VFE-B,cfg1,cfg1,cfg1,DeBERTa-v3,WavLM-Large,VFE-B-1792,Context Conditioned
variant4_TFE-C_cfg1_AFE-C_cfg1_VFE-A_cfg1_d1024_e16,variant4,TFE-C_cfg1,AFE-C_cfg1,VFE-A_cfg1,1024,16,1024,1024,2048,16,0.3178,0.387,0.3339,950.5,TFE-C,AFE-C,VFE-A,cfg1,cfg1,cfg1,DeBERTa-v3,AFE-C-1024,ResNet50,Context Conditioned
variant4_TFE-C_cfg1_AFE-C_cfg1_VFE-A_cfg1_d1024_e8,variant4,TFE-C_cfg1,AFE-C_cfg1,VFE-A_cfg1,1024,8,1024,1024,2048,23,0.3016,0.3406,0.3141,1049.1,TFE-C,AFE-C,VFE-A,cfg1,cfg1,cfg1,DeBERTa-v3,AFE-C-1024,ResNet50,Context Conditioned
variant4_TFE-C_cfg1_AFE-C_cfg1_VFE-A_cfg1_d256_e16,variant4,TFE-C_cfg1,AFE-C_cfg1,VFE-A_cfg1,256,16,1024,1024,2048,13,0.3414,0.3866,0.3528,433.2,TFE-C,AFE-C,VFE-A,cfg1,cfg1,cfg1,DeBERTa-v3,AFE-C-1024,ResNet50,Context Conditioned
variant4_TFE-C_cfg1_AFE-C_cfg1_VFE-A_cfg1_d256_e8,variant4,TFE-C_cfg1,AFE-C_cfg1,VFE-A_cfg1,256,8,1024,1024,2048,17,0.3359,0.387,0.3601,478.7,TFE-C,AFE-C,VFE-A,cfg1,cfg1,cfg1,DeBERTa-v3,AFE-C-1024,ResNet50,Context Conditioned
variant4_TFE-C_cfg1_AFE-C_cfg1_VFE-A_cfg1_d512_e16,variant4,TFE-C_cfg1,AFE-C_cfg1,VFE-A_cfg1,512,16,1024,1024,2048,16,0.3536,0.3985,0.368,468.6,TFE-C,AFE-C,VFE-A,cfg1,cfg1,cfg1,DeBERTa-v3,AFE-C-1024,ResNet50,Context Conditioned
variant4_TFE-C_cfg1_AFE-C_cfg1_VFE-A_cfg1_d512_e8,variant4,TFE-C_cfg1,AFE-C_cfg1,VFE-A_cfg1,512,8,1024,1024,2048,20,0.3596,0.3559,0.3283,577.6,TFE-C,AFE-C,VFE-A,cfg1,cfg1,cfg1,DeBERTa-v3,AFE-C-1024,ResNet50,Context Conditioned
variant4_TFE-C_cfg3_AFE-B_cfg3_VFE-A_cfg3_d1024_e16,variant4,TFE-C_cfg3,AFE-B_cfg3,VFE-A_cfg3,1024,16,1024,1024,2048,6,0.4507,0.523,0.4842,595.1,TFE-C,AFE-B,VFE-A,cfg3,cfg3,cfg3,DeBERTa-v3,WavLM-Large,ResNet50,Context Conditioned
variant4_TFE-C_cfg3_AFE-B_cfg3_VFE-A_cfg3_d1024_e8,variant4,TFE-C_cfg3,AFE-B_cfg3,VFE-A_cfg3,1024,8,1024,1024,2048,12,0.4483,0.4996,0.4644,736.8,TFE-C,AFE-B,VFE-A,cfg3,cfg3,cfg3,DeBERTa-v3,WavLM-Large,ResNet50,Context Conditioned
variant4_TFE-C_cfg3_AFE-B_cfg3_VFE-A_cfg3_d256_e16,variant4,TFE-C_cfg3,AFE-B_cfg3,VFE-A_cfg3,256,16,1024,1024,2048,6,0.4686,0.5345,0.4919,319.3,TFE-C,AFE-B,VFE-A,cfg3,cfg3,cfg3,DeBERTa-v3,WavLM-Large,ResNet50,Context Conditioned
variant4_TFE-C_cfg3_AFE-B_cfg3_VFE-A_cfg3_d256_e8,variant4,TFE-C_cfg3,AFE-B_cfg3,VFE-A_cfg3,256,8,1024,1024,2048,8,0.4573,0.5364,0.4875,322.8,TFE-C,AFE-B,VFE-A,cfg3,cfg3,cfg3,DeBERTa-v3,WavLM-Large,ResNet50,Context Conditioned
variant4_TFE-C_cfg3_AFE-B_cfg3_VFE-A_cfg3_d512_e16,variant4,TFE-C_cfg3,AFE-B_cfg3,VFE-A_cfg3,512,16,1024,1024,2048,14,0.458,0.5004,0.4701,492.4,TFE-C,AFE-B,VFE-A,cfg3,cfg3,cfg3,DeBERTa-v3,WavLM-Large,ResNet50,Context Conditioned
variant4_TFE-C_cfg3_AFE-B_cfg3_VFE-A_cfg3_d512_e8,variant4,TFE-C_cfg3,AFE-B_cfg3,VFE-A_cfg3,512,8,1024,1024,2048,8,0.4703,0.5111,0.4858,333.7,TFE-C,AFE-B,VFE-A,cfg3,cfg3,cfg3,DeBERTa-v3,WavLM-Large,ResNet50,Context Conditioned
variant4_TFE-C_cfg4_AFE-B_cfg1_VFE-A_cfg1_d1024_e16,variant4,TFE-C_cfg4,AFE-B_cfg1,VFE-A_cfg1,1024,16,1024,1024,2048,9,0.4517,0.5038,0.4676,691.6,TFE-C,AFE-B,VFE-A,cfg4,cfg1,cfg1,DeBERTa-v3,WavLM-Large,ResNet50,Context Conditioned
variant4_TFE-C_cfg4_AFE-B_cfg1_VFE-A_cfg1_d1024_e8,variant4,TFE-C_cfg4,AFE-B_cfg1,VFE-A_cfg1,1024,8,1024,1024,2048,6,0.4586,0.4989,0.4722,502.2,TFE-C,AFE-B,VFE-A,cfg4,cfg1,cfg1,DeBERTa-v3,WavLM-Large,ResNet50,Context Conditioned
variant4_TFE-C_cfg4_AFE-B_cfg1_VFE-A_cfg1_d256_e16,variant4,TFE-C_cfg4,AFE-B_cfg1,VFE-A_cfg1,256,16,1024,1024,2048,11,0.4759,0.4801,0.4637,391.2,TFE-C,AFE-B,VFE-A,cfg4,cfg1,cfg1,DeBERTa-v3,WavLM-Large,ResNet50,Context Conditioned
variant4_TFE-C_cfg4_AFE-B_cfg1_VFE-A_cfg1_d256_e8,variant4,TFE-C_cfg4,AFE-B_cfg1,VFE-A_cfg1,256,8,1024,1024,2048,6,0.4683,0.5111,0.4808,277.2,TFE-C,AFE-B,VFE-A,cfg4,cfg1,cfg1,DeBERTa-v3,WavLM-Large,ResNet50,Context Conditioned
variant4_TFE-C_cfg4_AFE-B_cfg1_VFE-A_cfg1_d512_e16,variant4,TFE-C_cfg4,AFE-B_cfg1,VFE-A_cfg1,512,16,1024,1024,2048,7,0.4712,0.5314,0.4934,322.2,TFE-C,AFE-B,VFE-A,cfg4,cfg1,cfg1,DeBERTa-v3,WavLM-Large,ResNet50,Context Conditioned
variant4_TFE-C_cfg4_AFE-B_cfg1_VFE-A_cfg1_d512_e8,variant4,TFE-C_cfg4,AFE-B_cfg1,VFE-A_cfg1,512,8,1024,1024,2048,12,0.4937,0.5123,0.4842,406.2,TFE-C,AFE-B,VFE-A,cfg4,cfg1,cfg1,DeBERTa-v3,WavLM-Large,ResNet50,Context Conditioned
variant4_TFE-D_cfg1_AFE-B_cfg1_VFE-A_cfg1_d1024_e16,variant4,TFE-D_cfg1,AFE-B_cfg1,VFE-A_cfg1,1024,16,1024,1024,2048,8,0.5651,0.6241,0.6031,670.9,TFE-D,AFE-B,VFE-A,cfg1,cfg1,cfg1,BERT-Large,WavLM-Large,ResNet50,Context Conditioned
variant4_TFE-D_cfg1_AFE-B_cfg1_VFE-A_cfg1_d1024_e8,variant4,TFE-D_cfg1,AFE-B_cfg1,VFE-A_cfg1,1024,8,1024,1024,2048,15,0.5542,0.6065,0.5895,885.7,TFE-D,AFE-B,VFE-A,cfg1,cfg1,cfg1,BERT-Large,WavLM-Large,ResNet50,Context Conditioned
variant4_TFE-D_cfg1_AFE-B_cfg1_VFE-A_cfg1_d256_e16,variant4,TFE-D_cfg1,AFE-B_cfg1,VFE-A_cfg1,256,16,1024,1024,2048,14,0.5725,0.6057,0.5901,539.5,TFE-D,AFE-B,VFE-A,cfg1,cfg1,cfg1,BERT-Large,WavLM-Large,ResNet50,Context Conditioned
variant4_TFE-D_cfg1_AFE-B_cfg1_VFE-A_cfg1_d256_e8,variant4,TFE-D_cfg1,AFE-B_cfg1,VFE-A_cfg1,256,8,1024,1024,2048,7,0.5726,0.6207,0.5966,331.7,TFE-D,AFE-B,VFE-A,cfg1,cfg1,cfg1,BERT-Large,WavLM-Large,ResNet50,Context Conditioned
variant4_TFE-D_cfg1_AFE-B_cfg1_VFE-A_cfg1_d512_e16,variant4,TFE-D_cfg1,AFE-B_cfg1,VFE-A_cfg1,512,16,1024,1024,2048,10,0.5646,0.6084,0.5944,417.0,TFE-D,AFE-B,VFE-A,cfg1,cfg1,cfg1,BERT-Large,WavLM-Large,ResNet50,Context Conditioned
variant4_TFE-D_cfg1_AFE-B_cfg1_VFE-A_cfg1_d512_e8,variant4,TFE-D_cfg1,AFE-B_cfg1,VFE-A_cfg1,512,8,1024,1024,2048,8,0.5772,0.6226,0.6032,364.4,TFE-D,AFE-B,VFE-A,cfg1,cfg1,cfg1,BERT-Large,WavLM-Large,ResNet50,Context Conditioned
variant4_TFE-E_cfg1_AFE-B_cfg1_VFE-A_cfg1_d1024_e16,variant4,TFE-E_cfg1,AFE-B_cfg1,VFE-A_cfg1,1024,16,1024,1024,2048,21,0.4968,0.518,0.5045,1126.8,TFE-E,AFE-B,VFE-A,cfg1,cfg1,cfg1,Electra-Large,WavLM-Large,ResNet50,Context Conditioned
variant4_TFE-E_cfg1_AFE-B_cfg1_VFE-A_cfg1_d1024_e8,variant4,TFE-E_cfg1,AFE-B_cfg1,VFE-A_cfg1,1024,8,1024,1024,2048,25,0.4822,0.5146,0.4981,984.0,TFE-E,AFE-B,VFE-A,cfg1,cfg1,cfg1,Electra-Large,WavLM-Large,ResNet50,Context Conditioned
variant4_TFE-E_cfg1_AFE-B_cfg1_VFE-A_cfg1_d256_e16,variant4,TFE-E_cfg1,AFE-B_cfg1,VFE-A_cfg1,256,16,1024,1024,2048,7,0.5233,0.5828,0.5478,321.1,TFE-E,AFE-B,VFE-A,cfg1,cfg1,cfg1,Electra-Large,WavLM-Large,ResNet50,Context Conditioned
variant4_TFE-E_cfg1_AFE-B_cfg1_VFE-A_cfg1_d256_e8,variant4,TFE-E_cfg1,AFE-B_cfg1,VFE-A_cfg1,256,8,1024,1024,2048,7,0.5292,0.5667,0.5485,308.7,TFE-E,AFE-B,VFE-A,cfg1,cfg1,cfg1,Electra-Large,WavLM-Large,ResNet50,Context Conditioned
variant4_TFE-E_cfg1_AFE-B_cfg1_VFE-A_cfg1_d512_e16,variant4,TFE-E_cfg1,AFE-B_cfg1,VFE-A_cfg1,512,16,1024,1024,2048,5,0.5351,0.61,0.563,278.2,TFE-E,AFE-B,VFE-A,cfg1,cfg1,cfg1,Electra-Large,WavLM-Large,ResNet50,Context Conditioned
variant4_TFE-E_cfg1_AFE-B_cfg1_VFE-A_cfg1_d512_e8,variant4,TFE-E_cfg1,AFE-B_cfg1,VFE-A_cfg1,512,8,1024,1024,2048,6,0.5364,0.5943,0.5631,293.2,TFE-E,AFE-B,VFE-A,cfg1,cfg1,cfg1,Electra-Large,WavLM-Large,ResNet50,Context Conditioned
