model,model_label,count,test_acc_mean,test_acc_std,test_f1_mean,test_f1_std,best_dev_f1_mean,best_dev_f1_std,best_epoch_mean,best_epoch_std,elapsed_mean,elapsed_std,params_mean,group,text_backbone,text_backbone_label,audio_backbone,audio_backbone_label,video_backbone,video_backbone_label,d_model,num_experts,text_cfg
variant1,MoE Mamba Experts,55,0.5351,0.0617,0.5077,0.0655,0.4903,0.0613,7.3636,4.2224,980.2545,475.4089,768,by_model,,,,,,,,,
variant2,Modality Specialists,66,0.5388,0.0615,0.5033,0.0726,0.4776,0.0735,8.4394,4.4137,1009.5697,606.7004,768,by_model,,,,,,,,,
variant3,Hierarchical MoE,66,0.531,0.0687,0.5017,0.0698,0.4833,0.0683,7.1515,4.1593,659.7848,319.9463,768,by_model,,,,,,,,,
variant4,Context Conditioned,66,0.5282,0.0658,0.4995,0.0677,0.4834,0.0614,10.4091,5.12,505.1061,228.5896,768,by_model,,,,,,,,,
,,46,0.5728,0.0328,0.5455,0.031,0.5238,0.0272,6.6087,2.9475,712.9413,482.8873,768,by_text_backbone,TFE-A,RoBERTa-Base,,,,,,,
,,46,0.5604,0.0244,0.5316,0.0242,0.5111,0.0213,7.7174,3.4619,755.4283,473.2242,1024,by_text_backbone,TFE-B,RoBERTa-Large,,,,,,,
,,115,0.4815,0.0547,0.4466,0.0575,0.4295,0.0577,9.3478,5.382,813.433,486.2371,1024,by_text_backbone,TFE-C,DeBERTa-v3,,,,,,,
,,23,0.6156,0.0111,0.5971,0.0096,0.5687,0.0105,8.1304,3.2795,796.9913,494.6471,1024,by_text_backbone,TFE-D,BERT-Large,,,,,,,
,,23,0.5753,0.0259,0.5473,0.0192,0.5309,0.018,8.6957,5.8031,782.9478,453.7579,1024,by_text_backbone,TFE-E,Electra-Large,,,,,,,
,,230,0.5478,0.0455,0.5189,0.0482,0.4989,0.0455,7.6652,3.9402,756.6404,467.8922,768,by_audio_backbone,,,AFE-B,WavLM-Large,,,,,
,,23,0.3867,0.0354,0.3423,0.0164,0.3275,0.0282,15.5652,5.3328,1017.4391,533.0065,1024,by_audio_backbone,,,AFE-C,AFE-C-1024,,,,,
,,230,0.5372,0.0658,0.5072,0.0705,0.4868,0.0685,8.4174,4.6652,781.1813,481.4585,768,by_video_backbone,,,,,VFE-A,ResNet50,,,
,,23,0.493,0.022,0.4601,0.0159,0.4487,0.0108,8.0435,4.7623,772.0304,463.2481,1024,by_video_backbone,,,,,VFE-B,VFE-B-1792,,,
,,88,0.5379,0.0655,0.5087,0.0671,0.4907,0.0622,7.2955,3.5692,484.7477,159.7714,768,by_d_model,,,,,,,256.0,,
,,88,0.5348,0.0666,0.5071,0.0682,0.4882,0.063,8.0568,4.6321,665.6318,285.4886,768,by_d_model,,,,,,,512.0,,
,,77,0.5259,0.0606,0.4914,0.0706,0.4694,0.0729,10.0,5.3754,1249.2857,546.6888,768,by_d_model,,,,,,,1024.0,,
,,132,0.5315,0.0639,0.5032,0.0669,0.4841,0.0646,8.5455,4.9291,747.7492,469.3593,768,by_num_experts,,,,,,,,8.0,
,,121,0.535,0.0651,0.5025,0.071,0.4825,0.0684,8.2066,4.374,815.9132,488.6483,768,by_num_experts,,,,,,,,16.0,
variant1,,22,0.5373,0.0639,0.5091,0.0672,0.4916,0.0621,7.0909,3.6241,644.2045,141.0224,768,by_model_dmodel,,,,,,,256.0,,
variant1,,22,0.5363,0.0618,0.5097,0.0665,0.4917,0.0632,7.2727,4.0729,942.8773,213.2447,768,by_model_dmodel,,,,,,,512.0,,
variant1,,11,0.5282,0.0625,0.501,0.0655,0.4849,0.0614,8.0909,5.7525,1727.1091,467.0404,768,by_model_dmodel,,,,,,,1024.0,,
variant2,,22,0.5412,0.0708,0.5132,0.069,0.4921,0.0621,6.5909,4.0433,517.7318,151.585,768,by_model_dmodel,,,,,,,256.0,,
variant2,,22,0.5354,0.0694,0.5068,0.0704,0.4842,0.0632,7.5455,3.9848,780.8364,263.8091,768,by_model_dmodel,,,,,,,512.0,,
variant2,,22,0.5398,0.0433,0.4899,0.0794,0.4565,0.0902,11.1818,3.9718,1730.1409,441.086,768,by_model_dmodel,,,,,,,1024.0,,
variant3,,22,0.5417,0.0673,0.5112,0.0726,0.4944,0.0681,7.0455,2.7512,428.2364,73.5448,768,by_model_dmodel,,,,,,,256.0,,
variant3,,22,0.5376,0.0717,0.508,0.0711,0.4862,0.0699,6.8636,4.0508,542.9773,147.1978,768,by_model_dmodel,,,,,,,512.0,,
variant3,,22,0.5137,0.0667,0.486,0.066,0.4693,0.0677,7.5455,5.4136,1008.1409,303.6082,768,by_model_dmodel,,,,,,,1024.0,,
variant4,,22,0.5315,0.0639,0.5013,0.0634,0.4847,0.0601,8.4545,3.6998,348.8182,83.6708,768,by_model_dmodel,,,,,,,256.0,,
variant4,,22,0.5299,0.0674,0.504,0.0695,0.4907,0.0592,10.5455,5.5783,395.8364,120.3205,768,by_model_dmodel,,,,,,,512.0,,
variant4,,22,0.523,0.0687,0.4934,0.0726,0.4748,0.0664,12.2273,5.3713,770.6636,168.1721,768,by_model_dmodel,,,,,,,1024.0,,
variant1,,33,0.5335,0.0638,0.5054,0.0659,0.4882,0.0623,7.8485,4.887,1073.1091,575.8707,768,by_model_experts,,,,,,,,8.0,
variant1,,22,0.5374,0.0598,0.5112,0.0662,0.4933,0.0611,6.6364,2.9203,840.9727,204.8642,768,by_model_experts,,,,,,,,16.0,
variant2,,33,0.5409,0.0597,0.5075,0.0682,0.4788,0.0685,8.0303,4.4475,821.5788,483.2275,768,by_model_experts,,,,,,,,8.0,
variant2,,33,0.5367,0.0642,0.4992,0.0777,0.4763,0.0792,8.8485,4.4097,1197.5606,664.2851,768,by_model_experts,,,,,,,,16.0,
variant3,,33,0.5285,0.0653,0.5026,0.0661,0.4858,0.0671,7.4545,4.1615,596.3727,283.144,768,by_model_experts,,,,,,,,8.0,
variant3,,33,0.5335,0.0729,0.5008,0.0743,0.4808,0.0705,6.8485,4.1991,723.197,345.6389,768,by_model_experts,,,,,,,,16.0,
variant4,,33,0.523,0.0682,0.4973,0.07,0.4836,0.0628,10.8485,5.5684,499.9364,234.0721,768,by_model_experts,,,,,,,,8.0,
variant4,,33,0.5334,0.064,0.5018,0.0663,0.4832,0.061,9.9697,4.6736,510.2758,226.4828,768,by_model_experts,,,,,,,,16.0,
variant1,,10,0.5771,0.0385,0.551,0.0371,0.5272,0.0334,5.2,1.0328,836.41,330.6395,768,by_text_model,TFE-A,,,,,,,,
variant2,,12,0.573,0.025,0.5461,0.0168,0.5256,0.0161,8.0,4.4721,1021.3917,729.7959,768,by_text_model,TFE-A,,,,,,,,
variant3,,12,0.5739,0.0339,0.5445,0.0345,0.5237,0.0316,6.0,1.954,605.65,254.3042,768,by_text_model,TFE-A,,,,,,,,
variant4,,12,0.5679,0.037,0.5412,0.0357,0.5192,0.0285,7.0,2.5226,408.8917,190.1119,768,by_text_model,TFE-A,,,,,,,,
variant1,,10,0.5582,0.0233,0.5305,0.0225,0.5148,0.0172,6.4,2.5906,924.02,464.0714,1024,by_text_model,TFE-B,,,,,,,,
variant2,,12,0.5694,0.0185,0.5389,0.0128,0.5047,0.0137,8.25,4.0028,1015.7917,677.936,1024,by_text_model,TFE-B,,,,,,,,
variant3,,12,0.5595,0.0207,0.5305,0.0258,0.5141,0.0261,6.0,2.132,603.5167,206.3364,1024,by_text_model,TFE-B,,,,,,,,
variant4,,12,0.5541,0.033,0.5262,0.0326,0.5114,0.0262,10.0,3.4902,506.4833,212.5369,1024,by_text_model,TFE-B,,,,,,,,
variant1,,25,0.4837,0.0485,0.4535,0.0518,0.439,0.0487,8.32,5.4292,1033.032,517.5005,1024,by_text_model,TFE-C,,,,,,,,
variant2,,30,0.489,0.0536,0.4444,0.067,0.4193,0.0704,9.3667,5.0616,1037.5533,579.6585,1024,by_text_model,TFE-C,,,,,,,,
variant3,,30,0.4764,0.0615,0.4445,0.0574,0.4269,0.057,7.8667,5.0565,692.0367,362.8276,1024,by_text_model,TFE-C,,,,,,,,
variant4,,30,0.4774,0.0554,0.4453,0.0543,0.4343,0.0522,11.6667,5.4351,527.71,216.5356,1024,by_text_model,TFE-C,,,,,,,,
variant1,,5,0.6106,0.006,0.5956,0.0106,0.5738,0.0121,10.0,3.873,1195.1,678.2818,1024,by_text_model,TFE-D,,,,,,,,
variant2,,6,0.6245,0.0084,0.5988,0.0089,0.5642,0.011,6.3333,2.3381,905.5,558.6915,1024,by_text_model,TFE-D,,,,,,,,
variant3,,6,0.612,0.0154,0.5976,0.0138,0.5698,0.0111,6.1667,0.7528,618.85,240.9653,1024,by_text_model,TFE-D,,,,,,,,
variant4,,6,0.6147,0.0087,0.5962,0.006,0.5677,0.0082,10.3333,3.3862,534.8667,212.527,1024,by_text_model,TFE-D,,,,,,,,
variant1,,5,0.586,0.0104,0.5589,0.0132,0.5399,0.0084,6.2,1.0954,901.68,333.5834,1024,by_text_model,TFE-E,,,,,,,,
variant2,,6,0.5724,0.0179,0.5457,0.0129,0.5319,0.0121,7.1667,2.6394,937.6333,563.0094,1024,by_text_model,TFE-E,,,,,,,,
variant3,,6,0.5801,0.0257,0.5489,0.0148,0.5363,0.0192,9.1667,6.4936,760.2667,488.0728,1024,by_text_model,TFE-E,,,,,,,,
variant4,,6,0.5644,0.0399,0.5375,0.0289,0.5172,0.0224,11.8333,8.7731,552.0,392.8034,1024,by_text_model,TFE-E,,,,,,,,
,,23,0.5977,0.022,0.5709,0.0168,0.5466,0.0142,6.2174,2.4855,703.7957,493.6363,768,by_text_config,,,,,,,,,TFE-A_cfg1
,,23,0.5478,0.0203,0.52,0.0179,0.501,0.015,7.0,3.3575,722.087,482.8123,768,by_text_config,,,,,,,,,TFE-A_cfg3
,,23,0.5743,0.0163,0.5469,0.0149,0.5226,0.0166,8.3913,3.0561,771.3957,450.552,1024,by_text_config,,,,,,,,,TFE-B_cfg1
,,23,0.5465,0.0234,0.5162,0.022,0.4996,0.0194,7.0435,3.7716,739.4609,504.5109,1024,by_text_config,,,,,,,,,TFE-B_cfg3
,,69,0.459,0.0581,0.4226,0.0592,0.4071,0.0598,10.5942,6.1795,857.8522,508.1598,1024,by_text_config,,,,,,,,,TFE-C_cfg1
,,23,0.5111,0.0243,0.4732,0.0352,0.4484,0.0406,7.7391,3.1074,763.1957,440.7114,1024,by_text_config,,,,,,,,,TFE-C_cfg3
,,23,0.5196,0.0217,0.4924,0.0183,0.4777,0.0147,7.2174,3.176,730.413,465.517,1024,by_text_config,,,,,,,,,TFE-C_cfg4
,,23,0.6156,0.0111,0.5971,0.0096,0.5687,0.0105,8.1304,3.2795,796.9913,494.6471,1024,by_text_config,,,,,,,,,TFE-D_cfg1
,,23,0.5753,0.0259,0.5473,0.0192,0.5309,0.018,8.6957,5.8031,782.9478,453.7579,1024,by_text_config,,,,,,,,,TFE-E_cfg1
variant1,,2,0.591,0.0468,0.5523,0.0507,0.5213,0.0416,4.5,0.7071,481.85,32.4562,768,by_model_text_dmodel_experts,TFE-A,,,,,,256.0,8.0,
variant1,,2,0.573,0.0382,0.5456,0.0426,0.523,0.0501,6.5,0.7071,685.9,10.3238,768,by_model_text_dmodel_experts,TFE-A,,,,,,256.0,16.0,
variant1,,2,0.5866,0.045,0.5597,0.0498,0.5312,0.0554,5.5,0.7071,757.6,24.3245,768,by_model_text_dmodel_experts,TFE-A,,,,,,512.0,8.0,
variant1,,2,0.5657,0.061,0.5514,0.052,0.532,0.037,4.5,0.7071,845.35,45.8912,768,by_model_text_dmodel_experts,TFE-A,,,,,,512.0,16.0,
variant1,,2,0.5692,0.0544,0.546,0.0503,0.5284,0.0346,5.0,1.4142,1411.35,98.0757,768,by_model_text_dmodel_experts,TFE-A,,,,,,1024.0,8.0,
variant1,,2,0.5534,0.0289,0.5272,0.023,0.5168,0.0257,6.0,4.2426,533.2,153.4422,1024,by_model_text_dmodel_experts,TFE-B,,,,,,256.0,8.0,
variant1,,2,0.5654,0.0235,0.5387,0.0222,0.5186,0.009,6.5,2.1213,673.6,81.7415,1024,by_model_text_dmodel_experts,TFE-B,,,,,,256.0,16.0,
variant1,,2,0.5435,0.0453,0.5288,0.0474,0.5177,0.032,7.5,0.7071,872.3,49.0732,1024,by_model_text_dmodel_experts,TFE-B,,,,,,512.0,8.0,
variant1,,2,0.5758,0.0125,0.5354,0.0252,0.5107,0.0163,4.0,0.0,815.15,5.0205,1024,by_model_text_dmodel_experts,TFE-B,,,,,,512.0,16.0,
variant1,,2,0.5527,0.0035,0.5222,0.0178,0.5102,0.0227,8.0,4.2426,1725.85,399.7275,1024,by_model_text_dmodel_experts,TFE-B,,,,,,1024.0,8.0,
variant1,,5,0.4804,0.06,0.4517,0.0611,0.4349,0.0533,9.2,6.1806,645.04,196.8752,1024,by_model_text_dmodel_experts,TFE-C,,,,,,256.0,8.0,
variant1,,5,0.4909,0.0564,0.4573,0.0574,0.4478,0.0546,6.8,3.7014,707.72,143.7589,1024,by_model_text_dmodel_experts,TFE-C,,,,,,256.0,16.0,
variant1,,5,0.4854,0.0511,0.4527,0.0533,0.4394,0.0556,8.8,5.9749,943.36,281.5662,1024,by_model_text_dmodel_experts,TFE-C,,,,,,512.0,8.0,
variant1,,5,0.4843,0.0426,0.4556,0.0529,0.4393,0.0508,7.8,4.5497,1070.88,250.6966,1024,by_model_text_dmodel_experts,TFE-C,,,,,,512.0,16.0,
variant1,,5,0.4777,0.0528,0.4502,0.058,0.4338,0.051,9.0,7.9687,1798.16,584.1322,1024,by_model_text_dmodel_experts,TFE-C,,,,,,1024.0,8.0,
variant1,,1,0.61,,0.5901,,0.5849,,6.0,,546.4,,1024,by_model_text_dmodel_experts,TFE-D,,,,,,256.0,8.0,
variant1,,1,0.6134,,0.6101,,0.5769,,9.0,,808.4,,1024,by_model_text_dmodel_experts,TFE-D,,,,,,256.0,16.0,
variant1,,1,0.6119,,0.5864,,0.563,,15.0,,1293.5,,1024,by_model_text_dmodel_experts,TFE-D,,,,,,512.0,8.0,
variant1,,1,0.6169,,0.6037,,0.5851,,7.0,,1022.8,,1024,by_model_text_dmodel_experts,TFE-D,,,,,,512.0,16.0,
variant1,,1,0.6008,,0.5878,,0.5592,,13.0,,2304.4,,1024,by_model_text_dmodel_experts,TFE-D,,,,,,1024.0,8.0,
variant1,,1,0.5966,,0.5649,,0.5348,,7.0,,584.8,,1024,by_model_text_dmodel_experts,TFE-E,,,,,,256.0,8.0,
variant1,,1,0.5778,,0.5627,,0.5449,,7.0,,720.0,,1024,by_model_text_dmodel_experts,TFE-E,,,,,,256.0,16.0,
variant1,,1,0.5981,,0.5672,,0.5495,,5.0,,757.8,,1024,by_model_text_dmodel_experts,TFE-E,,,,,,512.0,8.0,
variant1,,1,0.5801,,0.564,,0.5421,,7.0,,1017.2,,1024,by_model_text_dmodel_experts,TFE-E,,,,,,512.0,16.0,
variant1,,1,0.5774,,0.5355,,0.5284,,5.0,,1428.6,,1024,by_model_text_dmodel_experts,TFE-E,,,,,,1024.0,8.0,
variant2,,2,0.5828,0.0022,0.5531,0.0058,0.5317,0.0252,6.5,2.1213,428.05,65.266,768,by_model_text_dmodel_experts,TFE-A,,,,,,256.0,8.0,
variant2,,2,0.5881,0.0271,0.5592,0.0162,0.5324,0.0147,4.5,2.1213,523.1,77.2161,768,by_model_text_dmodel_experts,TFE-A,,,,,,256.0,16.0,
variant2,,2,0.596,0.0257,0.5532,0.0213,0.528,0.0145,5.0,1.4142,543.55,32.0319,768,by_model_text_dmodel_experts,TFE-A,,,,,,512.0,8.0,
variant2,,2,0.5768,0.0198,0.5534,0.0151,0.537,0.0194,5.5,0.7071,799.3,47.8004,768,by_model_text_dmodel_experts,TFE-A,,,,,,512.0,16.0,
variant2,,2,0.5389,0.0116,0.5268,0.0131,0.5154,0.0123,12.0,5.6569,1491.85,375.6858,768,by_model_text_dmodel_experts,TFE-A,,,,,,1024.0,8.0,
variant2,,2,0.5552,0.0152,0.531,0.0108,0.509,0.0083,14.5,0.7071,2342.5,120.9153,768,by_model_text_dmodel_experts,TFE-A,,,,,,1024.0,16.0,
variant2,,2,0.5642,0.029,0.5354,0.0168,0.5135,0.0039,8.0,4.2426,475.7,104.6518,1024,by_model_text_dmodel_experts,TFE-B,,,,,,256.0,8.0,
variant2,,2,0.5776,0.0269,0.5509,0.0179,0.5275,0.0167,4.0,0.0,499.45,8.556,1024,by_model_text_dmodel_experts,TFE-B,,,,,,256.0,16.0,
variant2,,2,0.5732,0.0027,0.5474,0.001,0.5002,0.0014,6.0,1.4142,573.0,68.0237,1024,by_model_text_dmodel_experts,TFE-B,,,,,,512.0,8.0,
variant2,,2,0.5732,0.0244,0.5422,0.013,0.4964,0.0035,6.0,0.0,826.4,14.425,1024,by_model_text_dmodel_experts,TFE-B,,,,,,512.0,16.0,
variant2,,2,0.5548,0.0081,0.5264,0.0043,0.4946,0.0042,12.5,0.7071,1522.5,23.3345,1024,by_model_text_dmodel_experts,TFE-B,,,,,,1024.0,8.0,
variant2,,2,0.5738,0.0285,0.5312,0.0097,0.496,0.0005,13.0,4.2426,2197.7,389.0502,1024,by_model_text_dmodel_experts,TFE-B,,,,,,1024.0,16.0,
variant2,,5,0.4948,0.0813,0.4684,0.0749,0.4395,0.0568,7.2,6.0992,453.94,156.1036,1024,by_model_text_dmodel_experts,TFE-C,,,,,,256.0,8.0,
variant2,,5,0.4812,0.0647,0.4481,0.0616,0.4387,0.054,8.6,4.8785,672.2,181.364,1024,by_model_text_dmodel_experts,TFE-C,,,,,,256.0,16.0,
variant2,,5,0.4855,0.0576,0.4539,0.0633,0.4326,0.0602,7.2,4.4944,622.74,154.621,1024,by_model_text_dmodel_experts,TFE-C,,,,,,512.0,8.0,
variant2,,5,0.4673,0.0666,0.4418,0.0659,0.4347,0.0597,12.4,4.6152,1160.48,234.4569,1024,by_model_text_dmodel_experts,TFE-C,,,,,,512.0,16.0,
variant2,,5,0.5039,0.0199,0.4431,0.0752,0.4022,0.086,10.8,5.8481,1414.36,394.6364,1024,by_model_text_dmodel_experts,TFE-C,,,,,,1024.0,8.0,
variant2,,5,0.5015,0.0259,0.4112,0.083,0.3683,0.1004,10.0,4.6904,1901.6,454.8252,1024,by_model_text_dmodel_experts,TFE-C,,,,,,1024.0,16.0,
variant2,,1,0.6226,,0.5887,,0.5629,,3.0,,346.3,,1024,by_model_text_dmodel_experts,TFE-D,,,,,,256.0,8.0,
variant2,,1,0.6406,,0.6096,,0.5769,,5.0,,545.2,,1024,by_model_text_dmodel_experts,TFE-D,,,,,,256.0,16.0,
variant2,,1,0.618,,0.5976,,0.5655,,6.0,,573.8,,1024,by_model_text_dmodel_experts,TFE-D,,,,,,512.0,8.0,
variant2,,1,0.6192,,0.6076,,0.5749,,6.0,,843.5,,1024,by_model_text_dmodel_experts,TFE-D,,,,,,512.0,16.0,
variant2,,1,0.6257,,0.6002,,0.5475,,9.0,,1295.6,,1024,by_model_text_dmodel_experts,TFE-D,,,,,,1024.0,8.0,
variant2,,1,0.6207,,0.589,,0.5574,,9.0,,1828.6,,1024,by_model_text_dmodel_experts,TFE-D,,,,,,1024.0,16.0,
variant2,,1,0.5954,,0.5711,,0.5478,,4.0,,362.9,,1024,by_model_text_dmodel_experts,TFE-E,,,,,,256.0,8.0,
variant2,,1,0.5429,,0.5413,,0.537,,8.0,,652.4,,1024,by_model_text_dmodel_experts,TFE-E,,,,,,256.0,16.0,
variant2,,1,0.5759,,0.5356,,0.513,,6.0,,576.9,,1024,by_model_text_dmodel_experts,TFE-E,,,,,,512.0,8.0,
variant2,,1,0.564,,0.5384,,0.5388,,5.0,,783.6,,1024,by_model_text_dmodel_experts,TFE-E,,,,,,512.0,16.0,
variant2,,1,0.5732,,0.542,,0.5258,,11.0,,1432.1,,1024,by_model_text_dmodel_experts,TFE-E,,,,,,1024.0,8.0,
variant2,,1,0.5831,,0.5456,,0.5289,,9.0,,1817.9,,1024,by_model_text_dmodel_experts,TFE-E,,,,,,1024.0,16.0,
variant3,,2,0.5646,0.0496,0.5484,0.0457,0.5337,0.0334,9.0,1.4142,451.75,21.991,768,by_model_text_dmodel_experts,TFE-A,,,,,,256.0,8.0,
variant3,,2,0.5868,0.0311,0.5576,0.0367,0.5335,0.0359,6.0,0.0,413.7,0.2828,768,by_model_text_dmodel_experts,TFE-A,,,,,,256.0,16.0,
variant3,,2,0.5948,0.0317,0.5594,0.0319,0.5394,0.0257,4.0,1.4142,380.5,38.608,768,by_model_text_dmodel_experts,TFE-A,,,,,,512.0,8.0,
variant3,,2,0.6014,0.0301,0.566,0.0324,0.5343,0.028,6.0,1.4142,581.55,52.2552,768,by_model_text_dmodel_experts,TFE-A,,,,,,512.0,16.0,
variant3,,2,0.5559,0.0357,0.5219,0.0281,0.4977,0.032,5.0,0.0,746.5,12.1622,768,by_model_text_dmodel_experts,TFE-A,,,,,,1024.0,8.0,
variant3,,2,0.5398,0.0146,0.5137,0.0461,0.5039,0.0537,6.0,2.8284,1059.9,174.7968,768,by_model_text_dmodel_experts,TFE-A,,,,,,1024.0,16.0,
variant3,,2,0.5666,0.0173,0.5373,0.0071,0.5216,0.017,6.0,2.8284,391.0,42.9921,1024,by_model_text_dmodel_experts,TFE-B,,,,,,256.0,8.0,
variant3,,2,0.5769,0.0149,0.5474,0.0149,0.5298,0.009,6.0,1.4142,424.45,50.841,1024,by_model_text_dmodel_experts,TFE-B,,,,,,256.0,16.0,
variant3,,2,0.5452,0.0385,0.5322,0.0285,0.5238,0.0049,8.5,3.5355,518.0,113.7028,1024,by_model_text_dmodel_experts,TFE-B,,,,,,512.0,8.0,
variant3,,2,0.5715,0.0192,0.5436,0.0199,0.518,0.009,6.5,0.7071,604.9,41.0122,1024,by_model_text_dmodel_experts,TFE-B,,,,,,512.0,16.0,
variant3,,2,0.5565,0.0057,0.5336,0.004,0.5216,0.0018,5.0,1.4142,742.35,80.1152,1024,by_model_text_dmodel_experts,TFE-B,,,,,,1024.0,8.0,
variant3,,2,0.5404,0.0133,0.4887,0.0361,0.4698,0.0462,4.0,1.4142,940.4,90.7925,1024,by_model_text_dmodel_experts,TFE-B,,,,,,1024.0,16.0,
variant3,,5,0.4877,0.0659,0.4538,0.0642,0.4355,0.0567,7.6,4.5056,422.52,125.0012,1024,by_model_text_dmodel_experts,TFE-C,,,,,,256.0,8.0,
variant3,,5,0.4894,0.0643,0.4509,0.0721,0.437,0.0613,7.4,3.4351,458.0,95.4217,1024,by_model_text_dmodel_experts,TFE-C,,,,,,256.0,16.0,
variant3,,5,0.4802,0.0636,0.447,0.0591,0.427,0.0616,6.6,2.3022,465.9,63.9355,1024,by_model_text_dmodel_experts,TFE-C,,,,,,512.0,8.0,
variant3,,5,0.4797,0.073,0.4492,0.0657,0.4279,0.0676,8.8,7.9812,676.6,229.5625,1024,by_model_text_dmodel_experts,TFE-C,,,,,,512.0,16.0,
variant3,,5,0.4597,0.0502,0.4401,0.0489,0.4245,0.0625,9.0,5.7879,947.68,281.359,1024,by_model_text_dmodel_experts,TFE-C,,,,,,1024.0,8.0,
variant3,,5,0.4619,0.0779,0.4259,0.0608,0.4092,0.0608,7.8,6.7602,1181.52,434.8197,1024,by_model_text_dmodel_experts,TFE-C,,,,,,1024.0,16.0,
variant3,,1,0.5981,,0.5902,,0.583,,7.0,,415.4,,1024,by_model_text_dmodel_experts,TFE-D,,,,,,256.0,8.0,
variant3,,1,0.6387,,0.6208,,0.5751,,6.0,,418.2,,1024,by_model_text_dmodel_experts,TFE-D,,,,,,256.0,16.0,
variant3,,1,0.613,,0.6049,,0.5719,,6.0,,445.0,,1024,by_model_text_dmodel_experts,TFE-D,,,,,,512.0,8.0,
variant3,,1,0.6115,,0.5945,,0.5764,,7.0,,639.5,,1024,by_model_text_dmodel_experts,TFE-D,,,,,,512.0,16.0,
variant3,,1,0.5958,,0.5808,,0.5569,,6.0,,790.9,,1024,by_model_text_dmodel_experts,TFE-D,,,,,,1024.0,8.0,
variant3,,1,0.6149,,0.5947,,0.5558,,5.0,,1004.1,,1024,by_model_text_dmodel_experts,TFE-D,,,,,,1024.0,16.0,
variant3,,1,0.5973,,0.5577,,0.5529,,7.0,,410.1,,1024,by_model_text_dmodel_experts,TFE-E,,,,,,256.0,8.0,
variant3,,1,0.6084,,0.5721,,0.5659,,6.0,,413.1,,1024,by_model_text_dmodel_experts,TFE-E,,,,,,256.0,16.0,
variant3,,1,0.5816,,0.5519,,0.528,,7.0,,470.8,,1024,by_model_text_dmodel_experts,TFE-E,,,,,,512.0,8.0,
variant3,,1,0.5958,,0.5415,,0.5138,,4.0,,507.8,,1024,by_model_text_dmodel_experts,TFE-E,,,,,,512.0,16.0,
variant3,,1,0.551,,0.5307,,0.5278,,22.0,,1507.4,,1024,by_model_text_dmodel_experts,TFE-E,,,,,,1024.0,8.0,
variant3,,1,0.5467,,0.5397,,0.5294,,9.0,,1252.4,,1024,by_model_text_dmodel_experts,TFE-E,,,,,,1024.0,16.0,
variant4,,2,0.5502,0.0499,0.5327,0.0496,0.5174,0.0291,7.5,2.1213,309.75,37.8302,768,by_model_text_dmodel_experts,TFE-A,,,,,,256.0,8.0,
variant4,,2,0.5812,0.052,0.548,0.0412,0.5165,0.0207,5.5,2.1213,286.8,35.4968,768,by_model_text_dmodel_experts,TFE-A,,,,,,256.0,16.0,
variant4,,2,0.5523,0.0355,0.5435,0.0371,0.5234,0.0482,6.0,1.4142,280.1,19.6576,768,by_model_text_dmodel_experts,TFE-A,,,,,,512.0,8.0,
variant4,,2,0.5795,0.0349,0.5461,0.0345,0.525,0.041,4.5,0.7071,268.75,18.0312,768,by_model_text_dmodel_experts,TFE-A,,,,,,512.0,16.0,
variant4,,2,0.5656,0.0493,0.5346,0.0566,0.5097,0.0337,10.5,2.1213,724.65,65.266,768,by_model_text_dmodel_experts,TFE-A,,,,,,1024.0,8.0,
variant4,,2,0.5786,0.0542,0.542,0.0612,0.5232,0.0469,8.0,2.8284,583.3,87.9641,768,by_model_text_dmodel_experts,TFE-A,,,,,,1024.0,16.0,
variant4,,2,0.5512,0.0306,0.5194,0.0145,0.5151,0.0076,8.5,3.5355,337.9,79.7616,1024,by_model_text_dmodel_experts,TFE-B,,,,,,256.0,8.0,
variant4,,2,0.5709,0.0033,0.5256,0.0192,0.5067,0.0175,10.5,7.7782,414.5,195.3029,1024,by_model_text_dmodel_experts,TFE-B,,,,,,256.0,16.0,
variant4,,2,0.5564,0.0395,0.5405,0.0362,0.5222,0.0364,10.0,0.0,379.75,14.2128,1024,by_model_text_dmodel_experts,TFE-B,,,,,,512.0,8.0,
variant4,,2,0.5483,0.0033,0.5282,0.023,0.5111,0.0225,8.5,4.9497,366.35,105.571,1024,by_model_text_dmodel_experts,TFE-B,,,,,,512.0,16.0,
variant4,,2,0.5474,0.0664,0.5212,0.0576,0.5101,0.0392,10.0,1.4142,747.55,62.8618,1024,by_model_text_dmodel_experts,TFE-B,,,,,,1024.0,8.0,
variant4,,2,0.5506,0.0655,0.5221,0.0731,0.5032,0.058,12.5,3.5355,792.85,108.1166,1024,by_model_text_dmodel_experts,TFE-B,,,,,,1024.0,16.0,
variant4,,5,0.4808,0.0606,0.4496,0.0526,0.4328,0.0546,9.2,4.5497,345.48,79.4992,1024,by_model_text_dmodel_experts,TFE-C,,,,,,256.0,8.0,
variant4,,5,0.4815,0.0566,0.4491,0.0551,0.4381,0.0552,8.2,3.7014,349.54,62.9276,1024,by_model_text_dmodel_experts,TFE-C,,,,,,256.0,16.0,
variant4,,5,0.4712,0.0656,0.442,0.0653,0.4461,0.0511,15.0,7.2111,457.8,126.8939,1024,by_model_text_dmodel_experts,TFE-C,,,,,,512.0,8.0,
variant4,,5,0.4789,0.0515,0.4474,0.0481,0.4376,0.0476,14.0,4.4159,495.34,133.8762,1024,by_model_text_dmodel_experts,TFE-C,,,,,,512.0,16.0,
variant4,,5,0.4654,0.0698,0.4337,0.0671,0.4234,0.0682,12.8,6.9785,750.88,234.9644,1024,by_model_text_dmodel_experts,TFE-C,,,,,,1024.0,8.0,
variant4,,5,0.4864,0.0561,0.4501,0.0653,0.4275,0.0614,10.8,3.7014,767.22,133.6058,1024,by_model_text_dmodel_experts,TFE-C,,,,,,1024.0,16.0,
variant4,,1,0.6207,,0.5966,,0.5726,,7.0,,331.7,,1024,by_model_text_dmodel_experts,TFE-D,,,,,,256.0,8.0,
variant4,,1,0.6057,,0.5901,,0.5725,,14.0,,539.5,,1024,by_model_text_dmodel_experts,TFE-D,,,,,,256.0,16.0,
variant4,,1,0.6226,,0.6032,,0.5772,,8.0,,364.4,,1024,by_model_text_dmodel_experts,TFE-D,,,,,,512.0,8.0,
variant4,,1,0.6084,,0.5944,,0.5646,,10.0,,417.0,,1024,by_model_text_dmodel_experts,TFE-D,,,,,,512.0,16.0,
variant4,,1,0.6065,,0.5895,,0.5542,,15.0,,885.7,,1024,by_model_text_dmodel_experts,TFE-D,,,,,,1024.0,8.0,
variant4,,1,0.6241,,0.6031,,0.5651,,8.0,,670.9,,1024,by_model_text_dmodel_experts,TFE-D,,,,,,1024.0,16.0,
variant4,,1,0.5667,,0.5485,,0.5292,,7.0,,308.7,,1024,by_model_text_dmodel_experts,TFE-E,,,,,,256.0,8.0,
variant4,,1,0.5828,,0.5478,,0.5233,,7.0,,321.1,,1024,by_model_text_dmodel_experts,TFE-E,,,,,,256.0,16.0,
variant4,,1,0.5943,,0.5631,,0.5364,,6.0,,293.2,,1024,by_model_text_dmodel_experts,TFE-E,,,,,,512.0,8.0,
variant4,,1,0.61,,0.563,,0.5351,,5.0,,278.2,,1024,by_model_text_dmodel_experts,TFE-E,,,,,,512.0,16.0,
variant4,,1,0.5146,,0.4981,,0.4822,,25.0,,984.0,,1024,by_model_text_dmodel_experts,TFE-E,,,,,,1024.0,8.0,
variant4,,1,0.518,,0.5045,,0.4968,,21.0,,1126.8,,1024,by_model_text_dmodel_experts,TFE-E,,,,,,1024.0,16.0,
